workerid,proliferate.condition,answer_of_comprehension,block_sequence,choosed_choice,comprehension_response,experiment_condition,first_response_value,group,item_condition,item_group,item_number,item_type,rating,rating_response,response_correctness,trial_sequence_total,wrong_attempts,error
18,condition1,b,practice,,,,,RP,,,practice_good,practice_good,0.67,,,0,0,
18,condition1,d,practice,,,,c,RP,,,practice_good,practice_good,0.01,,,0,3,
18,condition1,,1,0,2,CNPC,,,FILL,RP,36,,,0.8,Incorrect,1,,
18,condition1,,1,2,0,CNPC,,,CNPC,RP,12,,,0.5,Correct,2,,
18,condition1,,1,3,3,CNPC,,,UG,RP,48,,,0.03,Don't know,3,,
18,condition1,,2,1,0,CNPC,,,CNPC,RP,11,,,0.52,Correct,4,,
18,condition1,,2,3,3,CNPC,,,UG,RP,47,,,0.08,Don't know,5,,
18,condition1,,2,2,0,CNPC,,,FILL,RP,35,,,0.98,Correct,6,,
18,condition1,,3,3,3,CNPC,,,UG,RP,46,,,0,Don't know,7,,
18,condition1,,3,1,1,CNPC,,,CNPC,RP,10,,,0.42,Incorrect,8,,
18,condition1,,3,2,0,CNPC,,,FILL,RP,34,,,0.98,Correct,9,,
18,condition1,,4,1,0,CNPC,,,FILL,RP,33,,,0.97,Correct,10,,
18,condition1,,4,0,2,CNPC,,,CNPC,RP,9,,,0.44,Incorrect,11,,
18,condition1,,4,3,3,CNPC,,,UG,RP,45,,,0.02,Don't know,12,,
18,condition1,,5,0,0,CNPC,,,CNPC,RP,8,,,0.57,Correct,13,,
18,condition1,,5,3,3,CNPC,,,UG,RP,44,,,0.02,Don't know,14,,
18,condition1,,5,1,0,CNPC,,,FILL,RP,32,,,0.98,Correct,15,,
18,condition1,,6,2,1,CNPC,,,CNPC,RP,7,,,0.65,Incorrect,16,,
18,condition1,,6,0,0,CNPC,,,FILL,RP,31,,,0.97,Correct,17,,
18,condition1,,6,3,3,CNPC,,,UG,RP,43,,,0.03,Don't know,18,,
18,condition1,,7,1,0,CNPC,,,CNPC,RP,6,,,0.69,Correct,19,,
18,condition1,,7,0,0,CNPC,,,FILL,RP,30,,,1,Correct,20,,
18,condition1,,7,3,3,CNPC,,,UG,RP,42,,,0.17,Don't know,21,,
18,condition1,,8,2,0,CNPC,,,CNPC,RP,5,,,0.65,Correct,22,,
18,condition1,,8,3,3,CNPC,,,UG,RP,41,,,0.09,Don't know,23,,
18,condition1,,8,2,0,CNPC,,,FILL,RP,29,,,0.81,Correct,24,,
18,condition1,,9,1,0,CNPC,,,FILL,RP,28,,,0.85,Correct,25,,
18,condition1,,9,3,3,CNPC,,,UG,RP,40,,,0.02,Don't know,26,,
18,condition1,,9,1,0,CNPC,,,CNPC,RP,4,,,0.55,Correct,27,,
18,condition1,,10,1,0,CNPC,,,FILL,RP,27,,,0.96,Correct,28,,
18,condition1,,10,1,1,CNPC,,,CNPC,RP,3,,,0.87,Incorrect,29,,
18,condition1,,10,3,3,CNPC,,,UG,RP,39,,,0.04,Don't know,30,,
18,condition1,,11,1,0,CNPC,,,FILL,RP,26,,,1,Correct,31,,
18,condition1,,11,1,1,CNPC,,,CNPC,RP,2,,,0.71,Incorrect,32,,
18,condition1,,11,3,3,CNPC,,,UG,RP,38,,,0.08,Don't know,33,,
18,condition1,,12,3,3,CNPC,,,UG,RP,37,,,0.08,Don't know,34,,
18,condition1,,12,0,0,CNPC,,,FILL,RP,25,,,0.99,Correct,35,,
18,condition1,,12,0,0,CNPC,,,CNPC,RP,1,,,0.64,Correct,36,,
5,condition1,b,practice,,,,,RP,,,practice_good,practice_good,0.96,,,0,0,
5,condition1,d,practice,,,,c,RP,,,practice_good,practice_good,0.16,,,0,4,
5,condition1,,1,1,0,WH,,,FILL,RP,36,,,0.91,Correct,1,,
5,condition1,,1,0,0,WH,,,WH,RP,24,,,0.44,Correct,2,,
5,condition1,,1,3,3,WH,,,UG,RP,48,,,0.24,Don't know,3,,
5,condition1,,2,1,0,WH,,,FILL,RP,35,,,0.78,Correct,4,,
5,condition1,,2,1,0,WH,,,WH,RP,23,,,0.62,Correct,5,,
5,condition1,,2,3,3,WH,,,UG,RP,47,,,0,Don't know,6,,
5,condition1,,3,0,0,WH,,,WH,RP,22,,,0.23,Correct,7,,
5,condition1,,3,3,3,WH,,,UG,RP,46,,,0.22,Don't know,8,,
5,condition1,,3,1,0,WH,,,FILL,RP,34,,,0.87,Correct,9,,
5,condition1,,4,3,3,WH,,,UG,RP,45,,,0.29,Don't know,10,,
5,condition1,,4,3,3,WH,,,WH,RP,21,,,0.08,Don't know,11,,
5,condition1,,4,2,0,WH,,,FILL,RP,33,,,0.85,Correct,12,,
5,condition1,,5,3,3,WH,,,UG,RP,44,,,0.15,Don't know,13,,
5,condition1,,5,0,0,WH,,,FILL,RP,32,,,0.97,Correct,14,,
5,condition1,,5,2,0,WH,,,WH,RP,20,,,0.74,Correct,15,,
5,condition1,,6,3,3,WH,,,UG,RP,43,,,0.13,Don't know,16,,
5,condition1,,6,2,1,WH,,,FILL,RP,31,,,0.89,Incorrect,17,,
5,condition1,,6,3,3,WH,,,WH,RP,19,,,0.22,Don't know,18,,
5,condition1,,7,1,0,WH,,,FILL,RP,30,,,0.82,Correct,19,,
5,condition1,,7,3,3,WH,,,UG,RP,42,,,0,Don't know,20,,
5,condition1,,7,2,0,WH,,,WH,RP,18,,,0.42,Correct,21,,
5,condition1,,8,0,0,WH,,,FILL,RP,29,,,0.84,Correct,22,,
5,condition1,,8,3,3,WH,,,UG,RP,41,,,0.01,Don't know,23,,
5,condition1,,8,1,0,WH,,,WH,RP,17,,,0.73,Correct,24,,
5,condition1,,9,3,3,WH,,,UG,RP,40,,,0,Don't know,25,,
5,condition1,,9,3,3,WH,,,WH,RP,16,,,0.25,Don't know,26,,
5,condition1,,9,3,3,WH,,,FILL,RP,28,,,0.21,Don't know,27,,
5,condition1,,10,3,3,WH,,,UG,RP,39,,,0.14,Don't know,28,,
5,condition1,,10,1,0,WH,,,FILL,RP,27,,,0.83,Correct,29,,
5,condition1,,10,1,0,WH,,,WH,RP,15,,,0.34,Correct,30,,
5,condition1,,11,3,3,WH,,,UG,RP,38,,,0.26,Don't know,31,,
5,condition1,,11,2,0,WH,,,FILL,RP,26,,,0.7,Correct,32,,
5,condition1,,11,2,0,WH,,,WH,RP,14,,,0.38,Correct,33,,
5,condition1,,12,3,3,WH,,,UG,RP,37,,,0.17,Don't know,34,,
5,condition1,,12,2,0,WH,,,FILL,RP,25,,,0.84,Correct,35,,
5,condition1,,12,0,0,WH,,,WH,RP,13,,,0.7,Correct,36,,
9,condition1,b,practice,,,,,GAP,,,practice_good,practice_good,1,,,0,0,
9,condition1,d,practice,,,,c,GAP,,,practice_good,practice_good,0.02,,,0,3,
9,condition1,,1,0,0,CNPC,,,FILL,GAP,36,,,0.72,Correct,1,,
9,condition1,,1,3,3,CNPC,,,CNPC,GAP,12,,,0.15,Don't know,2,,
9,condition1,,1,3,3,CNPC,,,UG,GAP,48,,,0.01,Don't know,3,,
9,condition1,,2,3,3,CNPC,,,UG,GAP,47,,,0.01,Don't know,4,,
9,condition1,,2,3,3,CNPC,,,CNPC,GAP,11,,,0.31,Don't know,5,,
9,condition1,,2,2,0,CNPC,,,FILL,GAP,35,,,0.99,Correct,6,,
9,condition1,,3,3,3,CNPC,,,UG,GAP,46,,,0,Don't know,7,,
9,condition1,,3,2,0,CNPC,,,FILL,GAP,34,,,0.98,Correct,8,,
9,condition1,,3,2,0,CNPC,,,CNPC,GAP,10,,,0.59,Correct,9,,
9,condition1,,4,1,0,CNPC,,,FILL,GAP,33,,,0.86,Correct,10,,
9,condition1,,4,3,3,CNPC,,,UG,GAP,45,,,0,Don't know,11,,
9,condition1,,4,0,0,CNPC,,,CNPC,GAP,9,,,0.73,Correct,12,,
9,condition1,,5,1,0,CNPC,,,CNPC,GAP,8,,,0.71,Correct,13,,
9,condition1,,5,3,3,CNPC,,,UG,GAP,44,,,0,Don't know,14,,
9,condition1,,5,0,0,CNPC,,,FILL,GAP,32,,,0.98,Correct,15,,
9,condition1,,6,1,0,CNPC,,,FILL,GAP,31,,,0.98,Correct,16,,
9,condition1,,6,3,3,CNPC,,,UG,GAP,43,,,0,Don't know,17,,
9,condition1,,6,0,0,CNPC,,,CNPC,GAP,7,,,0.37,Correct,18,,
9,condition1,,7,0,0,CNPC,,,FILL,GAP,30,,,0.99,Correct,19,,
9,condition1,,7,3,3,CNPC,,,UG,GAP,42,,,0,Don't know,20,,
9,condition1,,7,0,0,CNPC,,,CNPC,GAP,6,,,0.43,Correct,21,,
9,condition1,,8,1,0,CNPC,,,FILL,GAP,29,,,0.81,Correct,22,,
9,condition1,,8,1,1,CNPC,,,CNPC,GAP,5,,,0.21,Incorrect,23,,
9,condition1,,8,3,3,CNPC,,,UG,GAP,41,,,0.01,Don't know,24,,
9,condition1,,9,2,0,CNPC,,,CNPC,GAP,4,,,0.76,Correct,25,,
9,condition1,,9,1,0,CNPC,,,FILL,GAP,28,,,0.75,Correct,26,,
9,condition1,,9,3,3,CNPC,,,UG,GAP,40,,,0.01,Don't know,27,,
9,condition1,,10,2,0,CNPC,,,FILL,GAP,27,,,0.98,Correct,28,,
9,condition1,,10,3,3,CNPC,,,UG,GAP,39,,,0,Don't know,29,,
9,condition1,,10,2,0,CNPC,,,CNPC,GAP,3,,,0.77,Correct,30,,
9,condition1,,11,3,3,CNPC,,,UG,GAP,38,,,0,Don't know,31,,
9,condition1,,11,1,0,CNPC,,,FILL,GAP,26,,,0.97,Correct,32,,
9,condition1,,11,1,0,CNPC,,,CNPC,GAP,2,,,0.73,Correct,33,,
9,condition1,,12,2,0,CNPC,,,CNPC,GAP,1,,,0.77,Correct,34,,
9,condition1,,12,1,0,CNPC,,,FILL,GAP,25,,,0.99,Correct,35,,
9,condition1,,12,3,3,CNPC,,,UG,GAP,37,,,0.01,Don't know,36,,
20,condition1,b,practice,,,,,GAP,,,practice_good,practice_good,1,,,0,0,
20,condition1,d,practice,,,,c,GAP,,,practice_good,practice_good,0,,,0,3,
20,condition1,,1,0,0,WH,,,FILL,GAP,36,,,1,Correct,1,,
20,condition1,,1,0,0,WH,,,WH,GAP,24,,,0.67,Correct,2,,
20,condition1,,1,3,3,WH,,,UG,GAP,48,,,0,Don't know,3,,
20,condition1,,2,3,3,WH,,,UG,GAP,47,,,0,Don't know,4,,
20,condition1,,2,1,0,WH,,,WH,GAP,23,,,0.21,Correct,5,,
20,condition1,,2,1,0,WH,,,FILL,GAP,35,,,1,Correct,6,,
20,condition1,,3,3,3,WH,,,UG,GAP,46,,,0,Don't know,7,,
20,condition1,,3,0,0,WH,,,WH,GAP,22,,,0.65,Correct,8,,
20,condition1,,3,1,0,WH,,,FILL,GAP,34,,,1,Correct,9,,
20,condition1,,4,1,0,WH,,,WH,GAP,21,,,0.84,Correct,10,,
20,condition1,,4,3,3,WH,,,UG,GAP,45,,,0,Don't know,11,,
20,condition1,,4,1,0,WH,,,FILL,GAP,33,,,1,Correct,12,,
20,condition1,,5,1,0,WH,,,FILL,GAP,32,,,1,Correct,13,,
20,condition1,,5,2,0,WH,,,WH,GAP,20,,,0.25,Correct,14,,
20,condition1,,5,3,3,WH,,,UG,GAP,44,,,0,Don't know,15,,
20,condition1,,6,2,0,WH,,,WH,GAP,19,,,0.18,Correct,16,,
20,condition1,,6,3,3,WH,,,UG,GAP,43,,,0,Don't know,17,,
20,condition1,,6,2,0,WH,,,FILL,GAP,31,,,1,Correct,18,,
20,condition1,,7,0,0,WH,,,FILL,GAP,30,,,1,Correct,19,,
20,condition1,,7,2,0,WH,,,WH,GAP,18,,,0.27,Correct,20,,
20,condition1,,7,3,3,WH,,,UG,GAP,42,,,0,Don't know,21,,
20,condition1,,8,3,3,WH,,,UG,GAP,41,,,0,Don't know,22,,
20,condition1,,8,1,0,WH,,,FILL,GAP,29,,,0.57,Correct,23,,
20,condition1,,8,0,0,WH,,,WH,GAP,17,,,0.76,Correct,24,,
20,condition1,,9,3,3,WH,,,UG,GAP,40,,,0,Don't know,25,,
20,condition1,,9,1,0,WH,,,FILL,GAP,28,,,0.36,Correct,26,,
20,condition1,,9,0,0,WH,,,WH,GAP,16,,,0.16,Correct,27,,
20,condition1,,10,0,0,WH,,,WH,GAP,15,,,0.24,Correct,28,,
20,condition1,,10,0,0,WH,,,FILL,GAP,27,,,0.81,Correct,29,,
20,condition1,,10,3,3,WH,,,UG,GAP,39,,,0,Don't know,30,,
20,condition1,,11,3,3,WH,,,UG,GAP,38,,,0,Don't know,31,,
20,condition1,,11,0,0,WH,,,WH,GAP,14,,,0.59,Correct,32,,
20,condition1,,11,2,0,WH,,,FILL,GAP,26,,,1,Correct,33,,
20,condition1,,12,3,3,WH,,,UG,GAP,37,,,0,Don't know,34,,
20,condition1,,12,0,0,WH,,,WH,GAP,13,,,0.77,Correct,35,,
20,condition1,,12,0,0,WH,,,FILL,GAP,25,,,0.16,Correct,36,,
14,condition1,b,practice,,,,,GAP,,,practice_good,practice_good,1,,,0,0,
14,condition1,d,practice,,,,,GAP,,,practice_good,practice_good,0.01,,,0,0,
14,condition1,,1,0,0,CNPC,,,FILL,GAP,36,,,0.63,Correct,1,,
14,condition1,,1,2,2,CNPC,,,CNPC,GAP,12,,,0.49,Incorrect,2,,
14,condition1,,1,3,3,CNPC,,,UG,GAP,48,,,0.02,Don't know,3,,
14,condition1,,2,3,3,CNPC,,,UG,GAP,47,,,0.02,Don't know,4,,
14,condition1,,2,2,0,CNPC,,,FILL,GAP,35,,,0.99,Correct,5,,
14,condition1,,2,2,2,CNPC,,,CNPC,GAP,11,,,0.61,Incorrect,6,,
14,condition1,,3,2,2,CNPC,,,FILL,GAP,34,,,0.77,Incorrect,7,,
14,condition1,,3,2,1,CNPC,,,CNPC,GAP,10,,,0.5,Incorrect,8,,
14,condition1,,3,3,3,CNPC,,,UG,GAP,46,,,0.02,Don't know,9,,
14,condition1,,4,3,3,CNPC,,,CNPC,GAP,9,,,0.03,Don't know,10,,
14,condition1,,4,0,0,CNPC,,,FILL,GAP,33,,,1,Correct,11,,
14,condition1,,4,3,3,CNPC,,,UG,GAP,45,,,0.06,Don't know,12,,
14,condition1,,5,3,3,CNPC,,,UG,GAP,44,,,0.02,Don't know,13,,
14,condition1,,5,0,2,CNPC,,,CNPC,GAP,8,,,0.31,Incorrect,14,,
14,condition1,,5,2,0,CNPC,,,FILL,GAP,32,,,0.98,Correct,15,,
14,condition1,,6,3,3,CNPC,,,CNPC,GAP,7,,,0.02,Don't know,16,,
14,condition1,,6,2,0,CNPC,,,FILL,GAP,31,,,0.85,Correct,17,,
14,condition1,,6,3,3,CNPC,,,UG,GAP,43,,,0.01,Don't know,18,,
14,condition1,,7,2,0,CNPC,,,CNPC,GAP,6,,,0.7,Correct,19,,
14,condition1,,7,1,0,CNPC,,,FILL,GAP,30,,,0.99,Correct,20,,
14,condition1,,7,3,3,CNPC,,,UG,GAP,42,,,0.02,Don't know,21,,
14,condition1,,8,0,1,CNPC,,,CNPC,GAP,5,,,0.88,Incorrect,22,,
14,condition1,,8,2,0,CNPC,,,FILL,GAP,29,,,0.71,Correct,23,,
14,condition1,,8,3,3,CNPC,,,UG,GAP,41,,,0.01,Don't know,24,,
14,condition1,,9,3,3,CNPC,,,UG,GAP,40,,,0.04,Don't know,25,,
14,condition1,,9,2,0,CNPC,,,FILL,GAP,28,,,0.82,Correct,26,,
14,condition1,,9,2,1,CNPC,,,CNPC,GAP,4,,,0.49,Incorrect,27,,
14,condition1,,10,1,0,CNPC,,,FILL,GAP,27,,,0.82,Correct,28,,
14,condition1,,10,3,3,CNPC,,,CNPC,GAP,3,,,0.48,Don't know,29,,
14,condition1,,10,3,3,CNPC,,,UG,GAP,39,,,0.07,Don't know,30,,
14,condition1,,11,3,3,CNPC,,,UG,GAP,38,,,0,Don't know,31,,
14,condition1,,11,0,0,CNPC,,,FILL,GAP,26,,,0.99,Correct,32,,
14,condition1,,11,0,1,CNPC,,,CNPC,GAP,2,,,0.49,Incorrect,33,,
14,condition1,,12,2,0,CNPC,,,CNPC,GAP,1,,,0.47,Correct,34,,
14,condition1,,12,3,3,CNPC,,,UG,GAP,37,,,0.02,Don't know,35,,
14,condition1,,12,2,2,CNPC,,,FILL,GAP,25,,,0.61,Incorrect,36,,
19,condition1,b,practice,,,,c,RP,,,practice_good,practice_good,1,,,0,1,
19,condition1,d,practice,,,,c,RP,,,practice_good,practice_good,0,,,0,3,
19,condition1,,1,1,1,CNPC,,,CNPC,RP,12,,,0.3,Incorrect,1,,
19,condition1,,1,3,3,CNPC,,,UG,RP,48,,,0,Don't know,2,,
19,condition1,,1,0,1,CNPC,,,FILL,RP,36,,,0.85,Incorrect,3,,
19,condition1,,2,2,0,CNPC,,,FILL,RP,35,,,0.81,Correct,4,,
19,condition1,,2,1,0,CNPC,,,UG,RP,47,,,0.29,Correct,5,,
19,condition1,,2,2,0,CNPC,,,CNPC,RP,11,,,0.3,Correct,6,,
19,condition1,,3,3,3,CNPC,,,UG,RP,46,,,0,Don't know,7,,
19,condition1,,3,2,0,CNPC,,,CNPC,RP,10,,,0.2,Correct,8,,
19,condition1,,3,2,0,CNPC,,,FILL,RP,34,,,0.83,Correct,9,,
19,condition1,,4,3,3,CNPC,,,CNPC,RP,9,,,0.09,Don't know,10,,
19,condition1,,4,2,0,CNPC,,,FILL,RP,33,,,0.81,Correct,11,,
19,condition1,,4,3,3,CNPC,,,UG,RP,45,,,0.01,Don't know,12,,
19,condition1,,5,0,1,CNPC,,,CNPC,RP,8,,,0.04,Incorrect,13,,
19,condition1,,5,1,0,CNPC,,,FILL,RP,32,,,0.77,Correct,14,,
19,condition1,,5,3,3,CNPC,,,UG,RP,44,,,0,Don't know,15,,
19,condition1,,6,0,0,CNPC,,,CNPC,RP,7,,,0.22,Correct,16,,
19,condition1,,6,2,1,CNPC,,,FILL,RP,31,,,0.61,Incorrect,17,,
19,condition1,,6,3,3,CNPC,,,UG,RP,43,,,0.1,Don't know,18,,
19,condition1,,7,2,0,CNPC,,,FILL,RP,30,,,0.72,Correct,19,,
19,condition1,,7,3,3,CNPC,,,UG,RP,42,,,0.03,Don't know,20,,
19,condition1,,7,2,0,CNPC,,,CNPC,RP,6,,,0.27,Correct,21,,
19,condition1,,8,0,0,CNPC,,,FILL,RP,29,,,0.69,Correct,22,,
19,condition1,,8,1,0,CNPC,,,UG,RP,41,,,0.19,Correct,23,,
19,condition1,,8,2,1,CNPC,,,CNPC,RP,5,,,0.15,Incorrect,24,,
19,condition1,,9,3,3,CNPC,,,CNPC,RP,4,,,0,Don't know,25,,
19,condition1,,9,2,0,CNPC,,,FILL,RP,28,,,0.01,Correct,26,,
19,condition1,,9,3,3,CNPC,,,UG,RP,40,,,0,Don't know,27,,
19,condition1,,10,0,0,CNPC,,,CNPC,RP,3,,,0.09,Correct,28,,
19,condition1,,10,1,0,CNPC,,,FILL,RP,27,,,0.73,Correct,29,,
19,condition1,,10,3,3,CNPC,,,UG,RP,39,,,0.16,Don't know,30,,
19,condition1,,11,0,0,CNPC,,,FILL,RP,26,,,0.66,Correct,31,,
19,condition1,,11,2,0,CNPC,,,UG,RP,38,,,0,Correct,32,,
19,condition1,,11,1,0,CNPC,,,CNPC,RP,2,,,0.4,Correct,33,,
19,condition1,,12,0,0,CNPC,,,CNPC,RP,1,,,0.66,Correct,34,,
19,condition1,,12,3,3,CNPC,,,UG,RP,37,,,0.09,Don't know,35,,
19,condition1,,12,1,0,CNPC,,,FILL,RP,25,,,0.42,Correct,36,,
21,condition1,b,practice,,,,,RP,,,practice_good,practice_good,0.5,,,0,0,
21,condition1,d,practice,,,,c,RP,,,practice_good,practice_good,0.01,,,0,6,
21,condition1,,1,1,0,WH,,,FILL,RP,36,,,0.98,Correct,1,,
21,condition1,,1,3,3,WH,,,UG,RP,48,,,0.02,Don't know,2,,
21,condition1,,1,1,0,WH,,,WH,RP,24,,,0.55,Correct,3,,
21,condition1,,2,1,0,WH,,,FILL,RP,35,,,0.93,Correct,4,,
21,condition1,,2,0,0,WH,,,WH,RP,23,,,0.83,Correct,5,,
21,condition1,,2,2,0,WH,,,UG,RP,47,,,0.02,Correct,6,,
21,condition1,,3,2,0,WH,,,FILL,RP,34,,,0.99,Correct,7,,
21,condition1,,3,2,0,WH,,,WH,RP,22,,,0.66,Correct,8,,
21,condition1,,3,3,3,WH,,,UG,RP,46,,,0.01,Don't know,9,,
21,condition1,,4,2,0,WH,,,WH,RP,21,,,0.72,Correct,10,,
21,condition1,,4,3,3,WH,,,UG,RP,45,,,0,Don't know,11,,
21,condition1,,4,2,0,WH,,,FILL,RP,33,,,0.96,Correct,12,,
21,condition1,,5,2,0,WH,,,FILL,RP,32,,,0.98,Correct,13,,
21,condition1,,5,3,3,WH,,,UG,RP,44,,,0.01,Don't know,14,,
21,condition1,,5,2,0,WH,,,WH,RP,20,,,0.59,Correct,15,,
21,condition1,,6,1,1,WH,,,WH,RP,19,,,0.61,Incorrect,16,,
21,condition1,,6,3,3,WH,,,UG,RP,43,,,0.04,Don't know,17,,
21,condition1,,6,1,0,WH,,,FILL,RP,31,,,0.99,Correct,18,,
21,condition1,,7,3,3,WH,,,UG,RP,42,,,0.01,Don't know,19,,
21,condition1,,7,0,0,WH,,,FILL,RP,30,,,0.79,Correct,20,,
21,condition1,,7,2,0,WH,,,WH,RP,18,,,0.53,Correct,21,,
21,condition1,,8,2,0,WH,,,FILL,RP,29,,,0.59,Correct,22,,
21,condition1,,8,2,0,WH,,,WH,RP,17,,,0.54,Correct,23,,
21,condition1,,8,3,3,WH,,,UG,RP,41,,,0.04,Don't know,24,,
21,condition1,,9,2,0,WH,,,FILL,RP,28,,,0.58,Correct,25,,
21,condition1,,9,3,3,WH,,,UG,RP,40,,,0.01,Don't know,26,,
21,condition1,,9,2,0,WH,,,WH,RP,16,,,0.63,Correct,27,,
21,condition1,,10,2,0,WH,,,WH,RP,15,,,0.55,Correct,28,,
21,condition1,,10,2,0,WH,,,FILL,RP,27,,,0.99,Correct,29,,
21,condition1,,10,3,3,WH,,,UG,RP,39,,,0.03,Don't know,30,,
21,condition1,,11,0,0,WH,,,UG,RP,38,,,0.11,Correct,31,,
21,condition1,,11,1,0,WH,,,FILL,RP,26,,,0.92,Correct,32,,
21,condition1,,11,1,0,WH,,,WH,RP,14,,,0.69,Correct,33,,
21,condition1,,12,3,3,WH,,,UG,RP,37,,,0,Don't know,34,,
21,condition1,,12,0,0,WH,,,WH,RP,13,,,0.71,Correct,35,,
21,condition1,,12,2,0,WH,,,FILL,RP,25,,,0.98,Correct,36,,
17,condition1,b,practice,,,,,GAP,,,practice_good,practice_good,0.97,,,0,0,
17,condition1,d,practice,,,,b,GAP,,,practice_good,practice_good,0,,,0,2,
17,condition1,,1,2,0,WH,,,FILL,GAP,36,,,0.77,Correct,1,,
17,condition1,,1,1,0,WH,,,WH,GAP,24,,,0.45,Correct,2,,
17,condition1,,1,3,3,WH,,,UG,GAP,48,,,0.04,Don't know,3,,
17,condition1,,2,0,1,WH,,,WH,GAP,23,,,0.8,Incorrect,4,,
17,condition1,,2,1,0,WH,,,FILL,GAP,35,,,0.71,Correct,5,,
17,condition1,,2,3,3,WH,,,UG,GAP,47,,,0.01,Don't know,6,,
17,condition1,,3,2,0,WH,,,WH,GAP,22,,,0.52,Correct,7,,
17,condition1,,3,0,0,WH,,,FILL,GAP,34,,,0.89,Correct,8,,
17,condition1,,3,3,3,WH,,,UG,GAP,46,,,0.01,Don't know,9,,
17,condition1,,4,2,0,WH,,,WH,GAP,21,,,0.39,Correct,10,,
17,condition1,,4,0,0,WH,,,FILL,GAP,33,,,0.72,Correct,11,,
17,condition1,,4,3,3,WH,,,UG,GAP,45,,,0.12,Don't know,12,,
17,condition1,,5,1,0,WH,,,WH,GAP,20,,,0.47,Correct,13,,
17,condition1,,5,3,3,WH,,,UG,GAP,44,,,0.05,Don't know,14,,
17,condition1,,5,0,0,WH,,,FILL,GAP,32,,,0.98,Correct,15,,
17,condition1,,6,0,0,WH,,,FILL,GAP,31,,,0.89,Correct,16,,
17,condition1,,6,1,0,WH,,,WH,GAP,19,,,0.65,Correct,17,,
17,condition1,,6,3,3,WH,,,UG,GAP,43,,,0.06,Don't know,18,,
17,condition1,,7,1,0,WH,,,FILL,GAP,30,,,0.96,Correct,19,,
17,condition1,,7,2,0,WH,,,WH,GAP,18,,,0.3,Correct,20,,
17,condition1,,7,3,3,WH,,,UG,GAP,42,,,0.06,Don't know,21,,
17,condition1,,8,3,3,WH,,,UG,GAP,41,,,0.08,Don't know,22,,
17,condition1,,8,1,0,WH,,,WH,GAP,17,,,0.91,Correct,23,,
17,condition1,,8,1,0,WH,,,FILL,GAP,29,,,0.71,Correct,24,,
17,condition1,,9,0,0,WH,,,FILL,GAP,28,,,0.7,Correct,25,,
17,condition1,,9,0,0,WH,,,WH,GAP,16,,,0.55,Correct,26,,
17,condition1,,9,3,3,WH,,,UG,GAP,40,,,0.06,Don't know,27,,
17,condition1,,10,2,0,WH,,,WH,GAP,15,,,0.63,Correct,28,,
17,condition1,,10,1,0,WH,,,FILL,GAP,27,,,0.81,Correct,29,,
17,condition1,,10,3,3,WH,,,UG,GAP,39,,,0.02,Don't know,30,,
17,condition1,,11,2,0,WH,,,WH,GAP,14,,,0.57,Correct,31,,
17,condition1,,11,3,3,WH,,,UG,GAP,38,,,0.02,Don't know,32,,
17,condition1,,11,1,0,WH,,,FILL,GAP,26,,,0.9,Correct,33,,
17,condition1,,12,2,0,WH,,,FILL,GAP,25,,,0.9,Correct,34,,
17,condition1,,12,3,3,WH,,,UG,GAP,37,,,0.04,Don't know,35,,
17,condition1,,12,0,0,WH,,,WH,GAP,13,,,0.81,Correct,36,,
6,condition1,b,practice,,,,,RP,,,practice_good,practice_good,0.87,,,0,0,
6,condition1,d,practice,,,,c,RP,,,practice_good,practice_good,0,,,0,4,
6,condition1,,1,2,1,CNPC,,,CNPC,RP,12,,,0.56,Incorrect,1,,
6,condition1,,1,3,3,CNPC,,,FILL,RP,36,,,1,Don't know,2,,
6,condition1,,1,3,3,CNPC,,,UG,RP,48,,,0,Don't know,3,,
6,condition1,,2,2,0,CNPC,,,FILL,RP,35,,,0.91,Correct,4,,
6,condition1,,2,1,1,CNPC,,,CNPC,RP,11,,,0.53,Incorrect,5,,
6,condition1,,2,2,0,CNPC,,,UG,RP,47,,,0.1,Correct,6,,
6,condition1,,3,0,0,CNPC,,,FILL,RP,34,,,1,Correct,7,,
6,condition1,,3,3,3,CNPC,,,UG,RP,46,,,0.03,Don't know,8,,
6,condition1,,3,0,1,CNPC,,,CNPC,RP,10,,,0.96,Incorrect,9,,
6,condition1,,4,3,3,CNPC,,,UG,RP,45,,,0.03,Don't know,10,,
6,condition1,,4,0,0,CNPC,,,FILL,RP,33,,,1,Correct,11,,
6,condition1,,4,3,3,CNPC,,,CNPC,RP,9,,,0.56,Don't know,12,,
6,condition1,,5,0,0,CNPC,,,FILL,RP,32,,,0.99,Correct,13,,
6,condition1,,5,3,3,CNPC,,,UG,RP,44,,,0.08,Don't know,14,,
6,condition1,,5,1,1,CNPC,,,CNPC,RP,8,,,0.91,Incorrect,15,,
6,condition1,,6,3,3,CNPC,,,FILL,RP,31,,,1,Don't know,16,,
6,condition1,,6,0,1,CNPC,,,CNPC,RP,7,,,0.72,Incorrect,17,,
6,condition1,,6,3,3,CNPC,,,UG,RP,43,,,0.08,Don't know,18,,
6,condition1,,7,0,0,CNPC,,,FILL,RP,30,,,1,Correct,19,,
6,condition1,,7,3,3,CNPC,,,UG,RP,42,,,0,Don't know,20,,
6,condition1,,7,0,0,CNPC,,,CNPC,RP,6,,,0.64,Correct,21,,
6,condition1,,8,0,0,CNPC,,,FILL,RP,29,,,1,Correct,22,,
6,condition1,,8,1,0,CNPC,,,CNPC,RP,5,,,0.51,Correct,23,,
6,condition1,,8,3,3,CNPC,,,UG,RP,41,,,0,Don't know,24,,
6,condition1,,9,2,1,CNPC,,,CNPC,RP,4,,,0.65,Incorrect,25,,
6,condition1,,9,3,3,CNPC,,,UG,RP,40,,,0,Don't know,26,,
6,condition1,,9,0,0,CNPC,,,FILL,RP,28,,,0.73,Correct,27,,
6,condition1,,10,0,1,CNPC,,,CNPC,RP,3,,,0.82,Incorrect,28,,
6,condition1,,10,0,0,CNPC,,,FILL,RP,27,,,1,Correct,29,,
6,condition1,,10,0,0,CNPC,,,UG,RP,39,,,0.29,Correct,30,,
6,condition1,,11,0,0,CNPC,,,FILL,RP,26,,,0.94,Correct,31,,
6,condition1,,11,0,0,CNPC,,,CNPC,RP,2,,,0.86,Correct,32,,
6,condition1,,11,3,3,CNPC,,,UG,RP,38,,,0,Don't know,33,,
6,condition1,,12,0,1,CNPC,,,CNPC,RP,1,,,0.7,Incorrect,34,,
6,condition1,,12,1,0,CNPC,,,FILL,RP,25,,,0.71,Correct,35,,
6,condition1,,12,3,3,CNPC,,,UG,RP,37,,,0.11,Don't know,36,,
7,condition1,b,practice,,,,,GAP,,,practice_good,practice_good,0.99,,,0,0,
7,condition1,d,practice,,,,c,GAP,,,practice_good,practice_good,0,,,0,3,
7,condition1,,1,1,0,WH,,,FILL,GAP,36,,,0.81,Correct,1,,
7,condition1,,1,0,0,WH,,,WH,GAP,24,,,0.75,Correct,2,,
7,condition1,,1,3,3,WH,,,UG,GAP,48,,,0.02,Don't know,3,,
7,condition1,,2,3,3,WH,,,UG,GAP,47,,,0.02,Don't know,4,,
7,condition1,,2,2,0,WH,,,FILL,GAP,35,,,0.98,Correct,5,,
7,condition1,,2,1,0,WH,,,WH,GAP,23,,,0.83,Correct,6,,
7,condition1,,3,3,3,WH,,,UG,GAP,46,,,0.01,Don't know,7,,
7,condition1,,3,1,0,WH,,,WH,GAP,22,,,0.82,Correct,8,,
7,condition1,,3,0,0,WH,,,FILL,GAP,34,,,0.98,Correct,9,,
7,condition1,,4,3,3,WH,,,UG,GAP,45,,,0.02,Don't know,10,,
7,condition1,,4,2,0,WH,,,FILL,GAP,33,,,0.97,Correct,11,,
7,condition1,,4,1,0,WH,,,WH,GAP,21,,,0.93,Correct,12,,
7,condition1,,5,0,0,WH,,,FILL,GAP,32,,,0.99,Correct,13,,
7,condition1,,5,3,3,WH,,,UG,GAP,44,,,0,Don't know,14,,
7,condition1,,5,2,0,WH,,,WH,GAP,20,,,0.97,Correct,15,,
7,condition1,,6,1,0,WH,,,FILL,GAP,31,,,0.92,Correct,16,,
7,condition1,,6,3,3,WH,,,UG,GAP,43,,,0.01,Don't know,17,,
7,condition1,,6,0,0,WH,,,WH,GAP,19,,,0.82,Correct,18,,
7,condition1,,7,2,0,WH,,,FILL,GAP,30,,,0.98,Correct,19,,
7,condition1,,7,3,3,WH,,,UG,GAP,42,,,0.01,Don't know,20,,
7,condition1,,7,2,0,WH,,,WH,GAP,18,,,0.82,Correct,21,,
7,condition1,,8,1,0,WH,,,FILL,GAP,29,,,0.8,Correct,22,,
7,condition1,,8,3,3,WH,,,UG,GAP,41,,,0.02,Don't know,23,,
7,condition1,,8,1,0,WH,,,WH,GAP,17,,,0.89,Correct,24,,
7,condition1,,9,2,0,WH,,,FILL,GAP,28,,,0.86,Correct,25,,
7,condition1,,9,0,0,WH,,,WH,GAP,16,,,0.86,Correct,26,,
7,condition1,,9,3,3,WH,,,UG,GAP,40,,,0,Don't know,27,,
7,condition1,,10,3,3,WH,,,UG,GAP,39,,,0.02,Don't know,28,,
7,condition1,,10,1,0,WH,,,WH,GAP,15,,,0.84,Correct,29,,
7,condition1,,10,1,0,WH,,,FILL,GAP,27,,,0.87,Correct,30,,
7,condition1,,11,1,0,WH,,,FILL,GAP,26,,,0.99,Correct,31,,
7,condition1,,11,1,1,WH,,,WH,GAP,14,,,0.98,Incorrect,32,,
7,condition1,,11,3,3,WH,,,UG,GAP,38,,,0.01,Don't know,33,,
7,condition1,,12,1,2,WH,,,WH,GAP,13,,,0.92,Incorrect,34,,
7,condition1,,12,3,3,WH,,,UG,GAP,37,,,0.01,Don't know,35,,
7,condition1,,12,0,0,WH,,,FILL,GAP,25,,,0.98,Correct,36,,
4,condition1,b,practice,,,,a,GAP,,,practice_good,practice_good,1,,,0,3,
4,condition1,d,practice,,,,a,GAP,,,practice_good,practice_good,0,,,0,2,
4,condition1,,1,0,0,WH,,,FILL,GAP,36,,,0,Correct,1,,
4,condition1,,1,0,2,WH,,,UG,GAP,48,,,0,Incorrect,2,,
4,condition1,,1,0,2,WH,,,WH,GAP,24,,,1,Incorrect,3,,
4,condition1,,2,1,2,WH,,,WH,GAP,23,,,0.99,Incorrect,4,,
4,condition1,,2,3,3,WH,,,UG,GAP,47,,,0,Don't know,5,,
4,condition1,,2,2,1,WH,,,FILL,GAP,35,,,0.01,Incorrect,6,,
4,condition1,,3,3,3,WH,,,WH,GAP,22,,,0,Don't know,7,,
4,condition1,,3,2,1,WH,,,FILL,GAP,34,,,0.97,Incorrect,8,,
4,condition1,,3,0,0,WH,,,UG,GAP,46,,,1,Correct,9,,
4,condition1,,4,0,0,WH,,,FILL,GAP,33,,,0.96,Correct,10,,
4,condition1,,4,0,1,WH,,,WH,GAP,21,,,0.97,Incorrect,11,,
4,condition1,,4,1,1,WH,,,UG,GAP,45,,,1,Incorrect,12,,
4,condition1,,5,1,0,WH,,,WH,GAP,20,,,0.93,Correct,13,,
4,condition1,,5,2,0,WH,,,UG,GAP,44,,,1,Correct,14,,
4,condition1,,5,0,2,WH,,,FILL,GAP,32,,,1,Incorrect,15,,
4,condition1,,6,3,3,WH,,,WH,GAP,19,,,1,Don't know,16,,
4,condition1,,6,3,3,WH,,,UG,GAP,43,,,0,Don't know,17,,
4,condition1,,6,3,3,WH,,,FILL,GAP,31,,,0.99,Don't know,18,,
4,condition1,,7,3,3,WH,,,WH,GAP,18,,,0.97,Don't know,19,,
4,condition1,,7,2,0,WH,,,FILL,GAP,30,,,0.97,Correct,20,,
4,condition1,,7,2,0,WH,,,UG,GAP,42,,,0.98,Correct,21,,
4,condition1,,8,3,3,WH,,,UG,GAP,41,,,0.98,Don't know,22,,
4,condition1,,8,0,1,WH,,,FILL,GAP,29,,,0.98,Incorrect,23,,
4,condition1,,8,0,0,WH,,,WH,GAP,17,,,0.93,Correct,24,,
4,condition1,,9,0,0,WH,,,FILL,GAP,28,,,0.99,Correct,25,,
4,condition1,,9,3,3,WH,,,WH,GAP,16,,,0.01,Don't know,26,,
4,condition1,,9,2,1,WH,,,UG,GAP,40,,,0.47,Incorrect,27,,
4,condition1,,10,2,2,WH,,,UG,GAP,39,,,0.94,Incorrect,28,,
4,condition1,,10,0,2,WH,,,WH,GAP,15,,,1,Incorrect,29,,
4,condition1,,10,3,3,WH,,,FILL,GAP,27,,,0.7,Don't know,30,,
4,condition1,,11,0,2,WH,,,WH,GAP,14,,,0.68,Incorrect,31,,
4,condition1,,11,2,0,WH,,,FILL,GAP,26,,,0.15,Correct,32,,
4,condition1,,11,0,0,WH,,,UG,GAP,38,,,0.7,Correct,33,,
4,condition1,,12,0,0,WH,,,WH,GAP,13,,,0.5,Correct,34,,
4,condition1,,12,2,1,WH,,,UG,GAP,37,,,0.45,Incorrect,35,,
4,condition1,,12,3,3,WH,,,FILL,GAP,25,,,0.67,Don't know,36,,
16,condition1,b,practice,,,,,GAP,,,practice_good,practice_good,0.82,,,0,0,
16,condition1,d,practice,,,,a,GAP,,,practice_good,practice_good,0.21,,,0,2,
16,condition1,,1,1,2,CNPC,,,FILL,GAP,36,,,0.83,Incorrect,1,,
16,condition1,,1,0,0,CNPC,,,CNPC,GAP,12,,,0.18,Correct,2,,
16,condition1,,1,2,1,CNPC,,,UG,GAP,48,,,0.09,Incorrect,3,,
16,condition1,,2,0,0,CNPC,,,FILL,GAP,35,,,0.95,Correct,4,,
16,condition1,,2,0,0,CNPC,,,CNPC,GAP,11,,,0.33,Correct,5,,
16,condition1,,2,2,0,CNPC,,,UG,GAP,47,,,0.03,Correct,6,,
16,condition1,,3,3,3,CNPC,,,UG,GAP,46,,,0.06,Don't know,7,,
16,condition1,,3,1,0,CNPC,,,FILL,GAP,34,,,0.87,Correct,8,,
16,condition1,,3,1,1,CNPC,,,CNPC,GAP,10,,,0.21,Incorrect,9,,
16,condition1,,4,3,3,CNPC,,,CNPC,GAP,9,,,0.1,Don't know,10,,
16,condition1,,4,2,0,CNPC,,,UG,GAP,45,,,0.05,Correct,11,,
16,condition1,,4,0,0,CNPC,,,FILL,GAP,33,,,0.74,Correct,12,,
16,condition1,,5,0,0,CNPC,,,FILL,GAP,32,,,0.79,Correct,13,,
16,condition1,,5,2,0,CNPC,,,CNPC,GAP,8,,,0.76,Correct,14,,
16,condition1,,5,3,3,CNPC,,,UG,GAP,44,,,0,Don't know,15,,
16,condition1,,6,2,0,CNPC,,,FILL,GAP,31,,,0.88,Correct,16,,
16,condition1,,6,0,1,CNPC,,,CNPC,GAP,7,,,0.27,Incorrect,17,,
16,condition1,,6,3,3,CNPC,,,UG,GAP,43,,,0.24,Don't know,18,,
16,condition1,,7,2,0,CNPC,,,CNPC,GAP,6,,,0.76,Correct,19,,
16,condition1,,7,1,0,CNPC,,,FILL,GAP,30,,,0.64,Correct,20,,
16,condition1,,7,2,1,CNPC,,,UG,GAP,42,,,0.17,Incorrect,21,,
16,condition1,,8,1,1,CNPC,,,CNPC,GAP,5,,,0.16,Incorrect,22,,
16,condition1,,8,3,3,CNPC,,,UG,GAP,41,,,0.1,Don't know,23,,
16,condition1,,8,0,0,CNPC,,,FILL,GAP,29,,,0.8,Correct,24,,
16,condition1,,9,1,1,CNPC,,,CNPC,GAP,4,,,0.47,Incorrect,25,,
16,condition1,,9,3,3,CNPC,,,UG,GAP,40,,,0.16,Don't know,26,,
16,condition1,,9,0,0,CNPC,,,FILL,GAP,28,,,0.86,Correct,27,,
16,condition1,,10,0,2,CNPC,,,UG,GAP,39,,,0.15,Incorrect,28,,
16,condition1,,10,1,0,CNPC,,,FILL,GAP,27,,,0.69,Correct,29,,
16,condition1,,10,0,1,CNPC,,,CNPC,GAP,3,,,0.65,Incorrect,30,,
16,condition1,,11,0,0,CNPC,,,UG,GAP,38,,,0.24,Correct,31,,
16,condition1,,11,2,0,CNPC,,,CNPC,GAP,2,,,0.63,Correct,32,,
16,condition1,,11,0,0,CNPC,,,FILL,GAP,26,,,0.71,Correct,33,,
16,condition1,,12,2,0,CNPC,,,CNPC,GAP,1,,,0.21,Correct,34,,
16,condition1,,12,1,0,CNPC,,,FILL,GAP,25,,,0.82,Correct,35,,
16,condition1,,12,3,3,CNPC,,,UG,GAP,37,,,0.1,Don't know,36,,
10,condition1,b,practice,,,,0.45,GAP,,,practice_good,practice_good,0.84,,,0,1,
10,condition1,d,practice,,,,a,GAP,,,practice_good,practice_good,0.02,,,0,1,
10,condition1,,1,3,3,CNPC,,,CNPC,GAP,12,,,0.07,Don't know,1,,
10,condition1,,1,1,0,CNPC,,,FILL,GAP,36,,,0.97,Correct,2,,
10,condition1,,1,3,3,CNPC,,,UG,GAP,48,,,0.01,Don't know,3,,
10,condition1,,2,1,0,CNPC,,,UG,GAP,47,,,0.02,Correct,4,,
10,condition1,,2,1,0,CNPC,,,CNPC,GAP,11,,,0.13,Correct,5,,
10,condition1,,2,0,0,CNPC,,,FILL,GAP,35,,,0.99,Correct,6,,
10,condition1,,3,2,0,CNPC,,,CNPC,GAP,10,,,0.13,Correct,7,,
10,condition1,,3,2,0,CNPC,,,FILL,GAP,34,,,1,Correct,8,,
10,condition1,,3,3,3,CNPC,,,UG,GAP,46,,,0.01,Don't know,9,,
10,condition1,,4,1,0,CNPC,,,CNPC,GAP,9,,,0.28,Correct,10,,
10,condition1,,4,0,0,CNPC,,,FILL,GAP,33,,,0.9,Correct,11,,
10,condition1,,4,3,3,CNPC,,,UG,GAP,45,,,0.01,Don't know,12,,
10,condition1,,5,1,0,CNPC,,,CNPC,GAP,8,,,0.26,Correct,13,,
10,condition1,,5,2,0,CNPC,,,FILL,GAP,32,,,0.99,Correct,14,,
10,condition1,,5,3,3,CNPC,,,UG,GAP,44,,,0.01,Don't know,15,,
10,condition1,,6,3,3,CNPC,,,UG,GAP,43,,,0.01,Don't know,16,,
10,condition1,,6,0,1,CNPC,,,CNPC,GAP,7,,,0.22,Incorrect,17,,
10,condition1,,6,1,0,CNPC,,,FILL,GAP,31,,,0.82,Correct,18,,
10,condition1,,7,0,0,CNPC,,,FILL,GAP,30,,,1,Correct,19,,
10,condition1,,7,3,3,CNPC,,,UG,GAP,42,,,0.01,Don't know,20,,
10,condition1,,7,1,0,CNPC,,,CNPC,GAP,6,,,0.28,Correct,21,,
10,condition1,,8,3,3,CNPC,,,UG,GAP,41,,,0.01,Don't know,22,,
10,condition1,,8,2,0,CNPC,,,FILL,GAP,29,,,0.67,Correct,23,,
10,condition1,,8,1,0,CNPC,,,CNPC,GAP,5,,,0.15,Correct,24,,
10,condition1,,9,2,0,CNPC,,,CNPC,GAP,4,,,0.35,Correct,25,,
10,condition1,,9,3,3,CNPC,,,UG,GAP,40,,,0,Don't know,26,,
10,condition1,,9,0,0,CNPC,,,FILL,GAP,28,,,0.31,Correct,27,,
10,condition1,,10,3,3,CNPC,,,UG,GAP,39,,,0.01,Don't know,28,,
10,condition1,,10,2,0,CNPC,,,FILL,GAP,27,,,0.88,Correct,29,,
10,condition1,,10,2,0,CNPC,,,CNPC,GAP,3,,,0.35,Correct,30,,
10,condition1,,11,1,0,CNPC,,,FILL,GAP,26,,,0.7,Correct,31,,
10,condition1,,11,3,3,CNPC,,,UG,GAP,38,,,0,Don't know,32,,
10,condition1,,11,0,0,CNPC,,,CNPC,GAP,2,,,0.34,Correct,33,,
10,condition1,,12,1,0,CNPC,,,FILL,GAP,25,,,0.46,Correct,34,,
10,condition1,,12,2,0,CNPC,,,CNPC,GAP,1,,,0.29,Correct,35,,
10,condition1,,12,3,3,CNPC,,,UG,GAP,37,,,0.01,Don't know,36,,
12,condition1,b,practice,,,,,RP,,,practice_good,practice_good,0.85,,,0,0,
12,condition1,d,practice,,,,,RP,,,practice_good,practice_good,0,,,0,0,
12,condition1,,1,3,3,CNPC,,,UG,RP,48,,,0,Don't know,1,,
12,condition1,,1,1,0,CNPC,,,FILL,RP,36,,,0.41,Correct,2,,
12,condition1,,1,2,1,CNPC,,,CNPC,RP,12,,,0.28,Incorrect,3,,
12,condition1,,2,3,3,CNPC,,,UG,RP,47,,,0,Don't know,4,,
12,condition1,,2,0,0,CNPC,,,CNPC,RP,11,,,0.21,Correct,5,,
12,condition1,,2,0,0,CNPC,,,FILL,RP,35,,,0.9,Correct,6,,
12,condition1,,3,0,0,CNPC,,,CNPC,RP,10,,,0.1,Correct,7,,
12,condition1,,3,2,0,CNPC,,,FILL,RP,34,,,0.75,Correct,8,,
12,condition1,,3,3,3,CNPC,,,UG,RP,46,,,0.02,Don't know,9,,
12,condition1,,4,1,0,CNPC,,,FILL,RP,33,,,1,Correct,10,,
12,condition1,,4,3,3,CNPC,,,UG,RP,45,,,0,Don't know,11,,
12,condition1,,4,1,0,CNPC,,,CNPC,RP,9,,,0.14,Correct,12,,
12,condition1,,5,0,0,CNPC,,,FILL,RP,32,,,1,Correct,13,,
12,condition1,,5,3,3,CNPC,,,UG,RP,44,,,0,Don't know,14,,
12,condition1,,5,0,1,CNPC,,,CNPC,RP,8,,,0.17,Incorrect,15,,
12,condition1,,6,1,1,CNPC,,,CNPC,RP,7,,,0.16,Incorrect,16,,
12,condition1,,6,1,1,CNPC,,,FILL,RP,31,,,0.81,Incorrect,17,,
12,condition1,,6,3,3,CNPC,,,UG,RP,43,,,0,Don't know,18,,
12,condition1,,7,2,0,CNPC,,,FILL,RP,30,,,0.87,Correct,19,,
12,condition1,,7,3,3,CNPC,,,UG,RP,42,,,0,Don't know,20,,
12,condition1,,7,0,0,CNPC,,,CNPC,RP,6,,,0.09,Correct,21,,
12,condition1,,8,3,3,CNPC,,,UG,RP,41,,,0,Don't know,22,,
12,condition1,,8,1,0,CNPC,,,FILL,RP,29,,,0.61,Correct,23,,
12,condition1,,8,0,0,CNPC,,,CNPC,RP,5,,,0.17,Correct,24,,
12,condition1,,9,3,3,CNPC,,,UG,RP,40,,,0,Don't know,25,,
12,condition1,,9,1,1,CNPC,,,CNPC,RP,4,,,0.36,Incorrect,26,,
12,condition1,,9,1,0,CNPC,,,FILL,RP,28,,,0.6,Correct,27,,
12,condition1,,10,3,3,CNPC,,,UG,RP,39,,,0,Don't know,28,,
12,condition1,,10,2,0,CNPC,,,FILL,RP,27,,,1,Correct,29,,
12,condition1,,10,2,0,CNPC,,,CNPC,RP,3,,,0.39,Correct,30,,
12,condition1,,11,2,0,CNPC,,,FILL,RP,26,,,1,Correct,31,,
12,condition1,,11,1,0,CNPC,,,CNPC,RP,2,,,0.62,Correct,32,,
12,condition1,,11,3,3,CNPC,,,UG,RP,38,,,0,Don't know,33,,
12,condition1,,12,0,0,CNPC,,,CNPC,RP,1,,,0.2,Correct,34,,
12,condition1,,12,2,0,CNPC,,,FILL,RP,25,,,0.89,Correct,35,,
12,condition1,,12,3,3,CNPC,,,UG,RP,37,,,0,Don't know,36,,
13,condition1,b,practice,,,,,GAP,,,practice_good,practice_good,0.94,,,0,0,
13,condition1,d,practice,,,,c,GAP,,,practice_good,practice_good,0.06,,,0,3,
13,condition1,,1,3,3,CNPC,,,UG,GAP,48,,,0,Don't know,1,,
13,condition1,,1,3,3,CNPC,,,CNPC,GAP,12,,,0.22,Don't know,2,,
13,condition1,,1,1,0,CNPC,,,FILL,GAP,36,,,0.93,Correct,3,,
13,condition1,,2,2,2,CNPC,,,CNPC,GAP,11,,,0.47,Incorrect,4,,
13,condition1,,2,0,0,CNPC,,,FILL,GAP,35,,,0.88,Correct,5,,
13,condition1,,2,3,3,CNPC,,,UG,GAP,47,,,0.04,Don't know,6,,
13,condition1,,3,3,3,CNPC,,,UG,GAP,46,,,0.07,Don't know,7,,
13,condition1,,3,2,0,CNPC,,,FILL,GAP,34,,,0.95,Correct,8,,
13,condition1,,3,2,0,CNPC,,,CNPC,GAP,10,,,0.87,Correct,9,,
13,condition1,,4,0,0,CNPC,,,CNPC,GAP,9,,,0.81,Correct,10,,
13,condition1,,4,3,3,CNPC,,,UG,GAP,45,,,0,Don't know,11,,
13,condition1,,4,0,0,CNPC,,,FILL,GAP,33,,,0.85,Correct,12,,
13,condition1,,5,1,0,CNPC,,,FILL,GAP,32,,,0.9,Correct,13,,
13,condition1,,5,3,3,CNPC,,,UG,GAP,44,,,0,Don't know,14,,
13,condition1,,5,0,0,CNPC,,,CNPC,GAP,8,,,0.85,Correct,15,,
13,condition1,,6,1,1,CNPC,,,CNPC,GAP,7,,,0.88,Incorrect,16,,
13,condition1,,6,3,3,CNPC,,,UG,GAP,43,,,0,Don't know,17,,
13,condition1,,6,0,0,CNPC,,,FILL,GAP,31,,,0.93,Correct,18,,
13,condition1,,7,2,0,CNPC,,,FILL,GAP,30,,,0.93,Correct,19,,
13,condition1,,7,1,0,CNPC,,,CNPC,GAP,6,,,0.8,Correct,20,,
13,condition1,,7,3,3,CNPC,,,UG,GAP,42,,,0,Don't know,21,,
13,condition1,,8,0,0,CNPC,,,CNPC,GAP,5,,,0.87,Correct,22,,
13,condition1,,8,1,0,CNPC,,,FILL,GAP,29,,,0.93,Correct,23,,
13,condition1,,8,3,3,CNPC,,,UG,GAP,41,,,0,Don't know,24,,
13,condition1,,9,2,0,CNPC,,,FILL,GAP,28,,,0.82,Correct,25,,
13,condition1,,9,0,1,CNPC,,,CNPC,GAP,4,,,0.87,Incorrect,26,,
13,condition1,,9,3,3,CNPC,,,UG,GAP,40,,,0,Don't know,27,,
13,condition1,,10,1,1,CNPC,,,CNPC,GAP,3,,,0.87,Incorrect,28,,
13,condition1,,10,3,3,CNPC,,,UG,GAP,39,,,0,Don't know,29,,
13,condition1,,10,1,0,CNPC,,,FILL,GAP,27,,,0.87,Correct,30,,
13,condition1,,11,1,0,CNPC,,,FILL,GAP,26,,,0.92,Correct,31,,
13,condition1,,11,2,0,CNPC,,,CNPC,GAP,2,,,0.85,Correct,32,,
13,condition1,,11,3,3,CNPC,,,UG,GAP,38,,,0,Don't know,33,,
13,condition1,,12,3,3,CNPC,,,UG,GAP,37,,,0,Don't know,34,,
13,condition1,,12,2,0,CNPC,,,CNPC,GAP,1,,,0.91,Correct,35,,
13,condition1,,12,0,0,CNPC,,,FILL,GAP,25,,,0.9,Correct,36,,
8,condition1,b,practice,,,,,RP,,,practice_good,practice_good,0.68,,,0,0,
8,condition1,d,practice,,,,b,RP,,,practice_good,practice_good,0,,,0,1,
8,condition1,,1,0,0,WH,,,FILL,RP,36,,,0.97,Correct,1,,
8,condition1,,1,3,3,WH,,,UG,RP,48,,,0.01,Don't know,2,,
8,condition1,,1,1,0,WH,,,WH,RP,24,,,0.14,Correct,3,,
8,condition1,,2,2,0,WH,,,FILL,RP,35,,,0.98,Correct,4,,
8,condition1,,2,3,3,WH,,,UG,RP,47,,,0,Don't know,5,,
8,condition1,,2,0,1,WH,,,WH,RP,23,,,0.21,Incorrect,6,,
8,condition1,,3,3,3,WH,,,UG,RP,46,,,0.01,Don't know,7,,
8,condition1,,3,2,0,WH,,,FILL,RP,34,,,0.97,Correct,8,,
8,condition1,,3,2,0,WH,,,WH,RP,22,,,0.49,Correct,9,,
8,condition1,,4,2,0,WH,,,WH,RP,21,,,0.16,Correct,10,,
8,condition1,,4,1,0,WH,,,FILL,RP,33,,,0.38,Correct,11,,
8,condition1,,4,3,3,WH,,,UG,RP,45,,,0.02,Don't know,12,,
8,condition1,,5,3,3,WH,,,UG,RP,44,,,0.01,Don't know,13,,
8,condition1,,5,0,0,WH,,,FILL,RP,32,,,0.97,Correct,14,,
8,condition1,,5,1,0,WH,,,WH,RP,20,,,0.23,Correct,15,,
8,condition1,,6,0,0,WH,,,FILL,RP,31,,,0.9,Correct,16,,
8,condition1,,6,2,0,WH,,,WH,RP,19,,,0.39,Correct,17,,
8,condition1,,6,3,3,WH,,,UG,RP,43,,,0,Don't know,18,,
8,condition1,,7,3,3,WH,,,UG,RP,42,,,0.09,Don't know,19,,
8,condition1,,7,2,0,WH,,,FILL,RP,30,,,0.79,Correct,20,,
8,condition1,,7,1,0,WH,,,WH,RP,18,,,0.2,Correct,21,,
8,condition1,,8,1,0,WH,,,WH,RP,17,,,0.36,Correct,22,,
8,condition1,,8,3,3,WH,,,UG,RP,41,,,0.01,Don't know,23,,
8,condition1,,8,2,0,WH,,,FILL,RP,29,,,0.4,Correct,24,,
8,condition1,,9,3,3,WH,,,UG,RP,40,,,0.04,Don't know,25,,
8,condition1,,9,2,0,WH,,,WH,RP,16,,,0.2,Correct,26,,
8,condition1,,9,0,0,WH,,,FILL,RP,28,,,0.49,Correct,27,,
8,condition1,,10,0,0,WH,,,WH,RP,15,,,0.27,Correct,28,,
8,condition1,,10,3,3,WH,,,UG,RP,39,,,0.02,Don't know,29,,
8,condition1,,10,2,0,WH,,,FILL,RP,27,,,0.99,Correct,30,,
8,condition1,,11,0,0,WH,,,UG,RP,38,,,0.03,Correct,31,,
8,condition1,,11,1,0,WH,,,FILL,RP,26,,,0.89,Correct,32,,
8,condition1,,11,0,0,WH,,,WH,RP,14,,,0.26,Correct,33,,
8,condition1,,12,0,0,WH,,,WH,RP,13,,,0.4,Correct,34,,
8,condition1,,12,3,3,WH,,,UG,RP,37,,,0,Don't know,35,,
8,condition1,,12,2,0,WH,,,FILL,RP,25,,,0.97,Correct,36,,
3,condition1,b,practice,,,,,RP,,,practice_good,practice_good,1,,,0,0,
3,condition1,d,practice,,,,a,RP,,,practice_good,practice_good,0.04,,,0,8,
3,condition1,,1,1,0,WH,,,FILL,RP,36,,,0.48,Correct,1,,
3,condition1,,1,3,3,WH,,,WH,RP,24,,,0.26,Don't know,2,,
3,condition1,,1,1,2,WH,,,UG,RP,48,,,0,Incorrect,3,,
3,condition1,,2,2,0,WH,,,UG,RP,47,,,0.06,Correct,4,,
3,condition1,,2,1,0,WH,,,FILL,RP,35,,,0.98,Correct,5,,
3,condition1,,2,1,0,WH,,,WH,RP,23,,,0.76,Correct,6,,
3,condition1,,3,1,2,WH,,,WH,RP,22,,,0.46,Incorrect,7,,
3,condition1,,3,3,3,WH,,,UG,RP,46,,,0.01,Don't know,8,,
3,condition1,,3,0,0,WH,,,FILL,RP,34,,,0.98,Correct,9,,
3,condition1,,4,1,0,WH,,,WH,RP,21,,,0.93,Correct,10,,
3,condition1,,4,3,3,WH,,,UG,RP,45,,,0.13,Don't know,11,,
3,condition1,,4,1,0,WH,,,FILL,RP,33,,,0.96,Correct,12,,
3,condition1,,5,2,1,WH,,,WH,RP,20,,,0.43,Incorrect,13,,
3,condition1,,5,0,0,WH,,,UG,RP,44,,,0.03,Correct,14,,
3,condition1,,5,3,3,WH,,,FILL,RP,32,,,0.97,Don't know,15,,
3,condition1,,6,0,0,WH,,,UG,RP,43,,,0.06,Correct,16,,
3,condition1,,6,2,0,WH,,,WH,RP,19,,,0.67,Correct,17,,
3,condition1,,6,2,0,WH,,,FILL,RP,31,,,0.44,Correct,18,,
3,condition1,,7,2,0,WH,,,UG,RP,42,,,0.56,Correct,19,,
3,condition1,,7,2,0,WH,,,FILL,RP,30,,,0.89,Correct,20,,
3,condition1,,7,0,2,WH,,,WH,RP,18,,,0.48,Incorrect,21,,
3,condition1,,8,1,0,WH,,,FILL,RP,29,,,0.99,Correct,22,,
3,condition1,,8,0,0,WH,,,WH,RP,17,,,0.42,Correct,23,,
3,condition1,,8,2,1,WH,,,UG,RP,41,,,0.08,Incorrect,24,,
3,condition1,,9,2,2,WH,,,FILL,RP,28,,,0.51,Incorrect,25,,
3,condition1,,9,1,0,WH,,,WH,RP,16,,,0.28,Correct,26,,
3,condition1,,9,2,1,WH,,,UG,RP,40,,,0.05,Incorrect,27,,
3,condition1,,10,2,0,WH,,,FILL,RP,27,,,0.89,Correct,28,,
3,condition1,,10,2,2,WH,,,WH,RP,15,,,0.72,Incorrect,29,,
3,condition1,,10,2,1,WH,,,UG,RP,39,,,0.11,Incorrect,30,,
3,condition1,,11,1,0,WH,,,FILL,RP,26,,,0.55,Correct,31,,
3,condition1,,11,2,0,WH,,,WH,RP,14,,,0.73,Correct,32,,
3,condition1,,11,2,0,WH,,,UG,RP,38,,,0.28,Correct,33,,
3,condition1,,12,2,2,WH,,,FILL,RP,25,,,0.17,Incorrect,34,,
3,condition1,,12,0,0,WH,,,UG,RP,37,,,0.42,Correct,35,,
3,condition1,,12,2,0,WH,,,WH,RP,13,,,0.56,Correct,36,,
15,condition1,b,practice,,,,,GAP,,,practice_good,practice_good,0.99,,,0,0,
15,condition1,d,practice,,,,,GAP,,,practice_good,practice_good,0.01,,,0,0,
15,condition1,,1,2,0,WH,,,WH,GAP,24,,,0.66,Correct,1,,
15,condition1,,1,2,0,WH,,,FILL,GAP,36,,,0.99,Correct,2,,
15,condition1,,1,3,3,WH,,,UG,GAP,48,,,0.01,Don't know,3,,
15,condition1,,2,1,0,WH,,,UG,GAP,47,,,0.01,Correct,4,,
15,condition1,,2,0,0,WH,,,FILL,GAP,35,,,0.99,Correct,5,,
15,condition1,,2,1,1,WH,,,WH,GAP,23,,,0.9,Incorrect,6,,
15,condition1,,3,2,0,WH,,,WH,GAP,22,,,0.65,Correct,7,,
15,condition1,,3,3,3,WH,,,UG,GAP,46,,,0.02,Don't know,8,,
15,condition1,,3,2,0,WH,,,FILL,GAP,34,,,0.99,Correct,9,,
15,condition1,,4,0,0,WH,,,WH,GAP,21,,,0.88,Correct,10,,
15,condition1,,4,3,3,WH,,,UG,GAP,45,,,0.02,Don't know,11,,
15,condition1,,4,1,0,WH,,,FILL,GAP,33,,,0.98,Correct,12,,
15,condition1,,5,3,3,WH,,,UG,GAP,44,,,0.01,Don't know,13,,
15,condition1,,5,0,0,WH,,,WH,GAP,20,,,0.96,Correct,14,,
15,condition1,,5,0,0,WH,,,FILL,GAP,32,,,0.99,Correct,15,,
15,condition1,,6,0,0,WH,,,WH,GAP,19,,,0.89,Correct,16,,
15,condition1,,6,2,0,WH,,,FILL,GAP,31,,,0.98,Correct,17,,
15,condition1,,6,3,3,WH,,,UG,GAP,43,,,0.02,Don't know,18,,
15,condition1,,7,3,3,WH,,,UG,GAP,42,,,0.03,Don't know,19,,
15,condition1,,7,2,0,WH,,,FILL,GAP,30,,,0.98,Correct,20,,
15,condition1,,7,1,0,WH,,,WH,GAP,18,,,0.5,Correct,21,,
15,condition1,,8,3,3,WH,,,UG,GAP,41,,,0,Don't know,22,,
15,condition1,,8,0,0,WH,,,FILL,GAP,29,,,0.98,Correct,23,,
15,condition1,,8,1,0,WH,,,WH,GAP,17,,,0.99,Correct,24,,
15,condition1,,9,3,3,WH,,,UG,GAP,40,,,0,Don't know,25,,
15,condition1,,9,0,0,WH,,,WH,GAP,16,,,0.99,Correct,26,,
15,condition1,,9,1,0,WH,,,FILL,GAP,28,,,0.6,Correct,27,,
15,condition1,,10,0,0,WH,,,FILL,GAP,27,,,0.71,Correct,28,,
15,condition1,,10,3,3,WH,,,UG,GAP,39,,,0.01,Don't know,29,,
15,condition1,,10,0,1,WH,,,WH,GAP,15,,,0.75,Incorrect,30,,
15,condition1,,11,3,3,WH,,,UG,GAP,38,,,0.02,Don't know,31,,
15,condition1,,11,1,0,WH,,,WH,GAP,14,,,0.83,Correct,32,,
15,condition1,,11,0,0,WH,,,FILL,GAP,26,,,0.93,Correct,33,,
15,condition1,,12,3,3,WH,,,UG,GAP,37,,,0.03,Don't know,34,,
15,condition1,,12,0,2,WH,,,WH,GAP,13,,,0.99,Incorrect,35,,
15,condition1,,12,0,0,WH,,,FILL,GAP,25,,,1,Correct,36,,
2,condition1,b,practice,,,,a,GAP,,,practice_good,practice_good,0.79,,,0,1,
2,condition1,d,practice,,,,c,GAP,,,practice_good,practice_good,0,,,0,4,
2,condition1,,1,0,1,CNPC,,,CNPC,GAP,12,,,0.07,Incorrect,1,,
2,condition1,,1,2,0,CNPC,,,FILL,GAP,36,,,0.92,Correct,2,,
2,condition1,,1,3,3,CNPC,,,UG,GAP,48,,,0,Don't know,3,,
2,condition1,,2,2,0,CNPC,,,UG,GAP,47,,,0.27,Correct,4,,
2,condition1,,2,0,0,CNPC,,,FILL,GAP,35,,,1,Correct,5,,
2,condition1,,2,2,0,CNPC,,,CNPC,GAP,11,,,0.33,Correct,6,,
2,condition1,,3,3,3,CNPC,,,CNPC,GAP,10,,,0.7,Don't know,7,,
2,condition1,,3,3,3,CNPC,,,UG,GAP,46,,,0.15,Don't know,8,,
2,condition1,,3,1,0,CNPC,,,FILL,GAP,34,,,0.86,Correct,9,,
2,condition1,,4,0,0,CNPC,,,FILL,GAP,33,,,1,Correct,10,,
2,condition1,,4,3,3,CNPC,,,UG,GAP,45,,,0,Don't know,11,,
2,condition1,,4,2,0,CNPC,,,CNPC,GAP,9,,,0.42,Correct,12,,
2,condition1,,5,2,1,CNPC,,,CNPC,GAP,8,,,0.5,Incorrect,13,,
2,condition1,,5,3,3,CNPC,,,UG,GAP,44,,,0,Don't know,14,,
2,condition1,,5,0,0,CNPC,,,FILL,GAP,32,,,0.66,Correct,15,,
2,condition1,,6,3,3,CNPC,,,UG,GAP,43,,,0,Don't know,16,,
2,condition1,,6,2,0,CNPC,,,FILL,GAP,31,,,1,Correct,17,,
2,condition1,,6,1,0,CNPC,,,CNPC,GAP,7,,,0.58,Correct,18,,
2,condition1,,7,2,0,CNPC,,,FILL,GAP,30,,,1,Correct,19,,
2,condition1,,7,3,3,CNPC,,,CNPC,GAP,6,,,0.17,Don't know,20,,
2,condition1,,7,0,1,CNPC,,,UG,GAP,42,,,0.45,Incorrect,21,,
2,condition1,,8,2,0,CNPC,,,FILL,GAP,29,,,0.53,Correct,22,,
2,condition1,,8,3,3,CNPC,,,UG,GAP,41,,,0,Don't know,23,,
2,condition1,,8,1,0,CNPC,,,CNPC,GAP,5,,,0.34,Correct,24,,
2,condition1,,9,1,0,CNPC,,,FILL,GAP,28,,,0.55,Correct,25,,
2,condition1,,9,0,0,CNPC,,,CNPC,GAP,4,,,0.55,Correct,26,,
2,condition1,,9,2,1,CNPC,,,UG,GAP,40,,,0.54,Incorrect,27,,
2,condition1,,10,3,3,CNPC,,,UG,GAP,39,,,0,Don't know,28,,
2,condition1,,10,1,0,CNPC,,,FILL,GAP,27,,,0.83,Correct,29,,
2,condition1,,10,0,2,CNPC,,,CNPC,GAP,3,,,0.64,Incorrect,30,,
2,condition1,,11,2,0,CNPC,,,UG,GAP,38,,,0.69,Correct,31,,
2,condition1,,11,2,0,CNPC,,,CNPC,GAP,2,,,0.87,Correct,32,,
2,condition1,,11,0,0,CNPC,,,FILL,GAP,26,,,1,Correct,33,,
2,condition1,,12,1,0,CNPC,,,CNPC,GAP,1,,,0.92,Correct,34,,
2,condition1,,12,0,2,CNPC,,,FILL,GAP,25,,,1,Incorrect,35,,
2,condition1,,12,3,3,CNPC,,,UG,GAP,37,,,0,Don't know,36,,
11,condition1,b,practice,,,,,GAP,,,practice_good,practice_good,0.85,,,0,0,
11,condition1,d,practice,,,,c,GAP,,,practice_good,practice_good,0,,,0,5,
11,condition1,,1,1,1,WH,,,UG,GAP,48,,,0.09,Incorrect,1,,
11,condition1,,1,0,0,WH,,,FILL,GAP,36,,,0.99,Correct,2,,
11,condition1,,1,1,0,WH,,,WH,GAP,24,,,0.1,Correct,3,,
11,condition1,,2,3,3,WH,,,UG,GAP,47,,,0,Don't know,4,,
11,condition1,,2,1,0,WH,,,WH,GAP,23,,,0.67,Correct,5,,
11,condition1,,2,2,0,WH,,,FILL,GAP,35,,,1,Correct,6,,
11,condition1,,3,1,0,WH,,,FILL,GAP,34,,,1,Correct,7,,
11,condition1,,3,3,3,WH,,,UG,GAP,46,,,0,Don't know,8,,
11,condition1,,3,0,0,WH,,,WH,GAP,22,,,0.76,Correct,9,,
11,condition1,,4,3,3,WH,,,UG,GAP,45,,,0,Don't know,10,,
11,condition1,,4,2,0,WH,,,WH,GAP,21,,,0.76,Correct,11,,
11,condition1,,4,1,0,WH,,,FILL,GAP,33,,,0.89,Correct,12,,
11,condition1,,5,1,0,WH,,,WH,GAP,20,,,0.81,Correct,13,,
11,condition1,,5,3,3,WH,,,UG,GAP,44,,,0,Don't know,14,,
11,condition1,,5,1,0,WH,,,FILL,GAP,32,,,1,Correct,15,,
11,condition1,,6,2,0,WH,,,FILL,GAP,31,,,0.85,Correct,16,,
11,condition1,,6,3,3,WH,,,UG,GAP,43,,,0,Don't know,17,,
11,condition1,,6,0,1,WH,,,WH,GAP,19,,,0.95,Incorrect,18,,
11,condition1,,7,0,0,WH,,,WH,GAP,18,,,0.11,Correct,19,,
11,condition1,,7,1,0,WH,,,FILL,GAP,30,,,1,Correct,20,,
11,condition1,,7,3,3,WH,,,UG,GAP,42,,,0,Don't know,21,,
11,condition1,,8,2,0,WH,,,WH,GAP,17,,,1,Correct,22,,
11,condition1,,8,1,0,WH,,,FILL,GAP,29,,,1,Correct,23,,
11,condition1,,8,3,3,WH,,,UG,GAP,41,,,0,Don't know,24,,
11,condition1,,9,3,3,WH,,,UG,GAP,40,,,0,Don't know,25,,
11,condition1,,9,1,0,WH,,,WH,GAP,16,,,0.79,Correct,26,,
11,condition1,,9,2,0,WH,,,FILL,GAP,28,,,0.82,Correct,27,,
11,condition1,,10,3,3,WH,,,UG,GAP,39,,,0,Don't know,28,,
11,condition1,,10,1,0,WH,,,WH,GAP,15,,,0.32,Correct,29,,
11,condition1,,10,1,0,WH,,,FILL,GAP,27,,,0.94,Correct,30,,
11,condition1,,11,1,0,WH,,,FILL,GAP,26,,,0.78,Correct,31,,
11,condition1,,11,3,3,WH,,,UG,GAP,38,,,0,Don't know,32,,
11,condition1,,11,0,0,WH,,,WH,GAP,14,,,0.71,Correct,33,,
11,condition1,,12,2,0,WH,,,FILL,GAP,25,,,0.81,Correct,34,,
11,condition1,,12,3,3,WH,,,UG,GAP,37,,,0,Don't know,35,,
11,condition1,,12,1,2,WH,,,WH,GAP,13,,,0.98,Incorrect,36,,
