workerid,proliferate.condition,answer_of_comprehension,attention_answer,attention_correctness,block_sequence,choosed_choice,comprehension_response,condition,context_attempts,context_response,first_response_value,item_context_condition,item_number,item_sentence_type,item_type,rating,rating_response,response_correctness,tested_context_condition,tested_sentence_type,trial_sequence_total,wrong_attempts,error
573,default,b,,,practice,,,NC,,,a,,practice_good,,practice_good,0.83,,,,,0,1,
573,default,d,,,practice,,,NC,0,a,c,,practice_good,,practice_good,0.05,,,,,0,4,
573,default,,0,correct,1,2,0,,,,,NC,120,FILL,,,0.78,Correct,NC,WH,1,,
573,default,,2,Null,1,1,0,,,,,NC,128,UG,,,0.09,Correct,NC,WH,2,,
573,default,,2,Null,1,0,1,,,,,NC,12,WH,,,0.58,Incorrect,NC,WH,3,,
573,default,,2,Null,2,2,0,,,,,NC,119,FILL,,,0.82,Correct,NC,WH,4,,
573,default,,2,Null,2,3,3,,,,,NC,11,WH,,,0.18,Don't know,NC,WH,5,,
573,default,,2,Null,2,3,3,,,,,NC,127,UG,,,0,Don't know,NC,WH,6,,
573,default,,2,Null,3,0,1,,,,,NC,126,UG,,,0.14,Incorrect,NC,WH,7,,
573,default,,2,Null,3,0,0,,,,,NC,118,FILL,,,0.87,Correct,NC,WH,8,,
573,default,,0,correct,3,0,0,,,,,NC,10,WH,,,0.73,Correct,NC,WH,9,,
573,default,,2,Null,4,0,0,,,,,NC,9,WH,,,0.73,Correct,NC,WH,10,,
573,default,,0,correct,4,3,3,,,,,NC,125,UG,,,0.05,Don't know,NC,WH,11,,
573,default,,1,correct,4,1,0,,,,,NC,117,FILL,,,0.54,Correct,NC,WH,12,,
573,default,,2,Null,5,0,2,,,,,NC,8,WH,,,0.89,Incorrect,NC,WH,13,,
573,default,,2,Null,5,3,3,,,,,NC,124,UG,,,0,Don't know,NC,WH,14,,
573,default,,1,correct,5,2,0,,,,,NC,116,FILL,,,0.86,Correct,NC,WH,15,,
573,default,,2,Null,6,2,0,,,,,NC,123,UG,,,0.06,Correct,NC,WH,16,,
573,default,,2,Null,6,1,0,,,,,NC,7,WH,,,0.52,Correct,NC,WH,17,,
573,default,,2,Null,6,2,0,,,,,NC,115,FILL,,,0.88,Correct,NC,WH,18,,
573,default,,2,Null,7,2,0,,,,,NC,122,UG,,,0.02,Correct,NC,WH,19,,
573,default,,2,Null,7,3,3,,,,,NC,6,WH,,,0.89,Don't know,NC,WH,20,,
573,default,,2,Null,7,1,0,,,,,NC,114,FILL,,,0.57,Correct,NC,WH,21,,
573,default,,2,Null,8,2,0,,,,,NC,5,WH,,,0.63,Correct,NC,WH,22,,
573,default,,2,Null,8,3,3,,,,,NC,121,UG,,,0.2,Don't know,NC,WH,23,,
573,default,,0,correct,8,1,0,,,,,NC,113,FILL,,,0.81,Correct,NC,WH,24,,
613,default,b,,,practice,,,NC,,,,,practice_good,,practice_good,0.98,,,,,0,0,
613,default,d,,,practice,,,NC,0,a,c,,practice_good,,practice_good,0,,,,,0,4,
613,default,,1,incorrect,1,2,0,,,,,NC,120,FILL,,,0.99,Correct,NC,CNPC,1,,
613,default,,2,Null,1,3,3,,,,,NC,128,UG,,,0.01,Don't know,NC,CNPC,2,,
613,default,,2,Null,1,3,3,,,,,NC,12,CNPC,,,0,Don't know,NC,CNPC,3,,
613,default,,2,Null,2,0,2,,,,,NC,11,CNPC,,,0.9,Incorrect,NC,CNPC,4,,
613,default,,2,Null,2,3,3,,,,,NC,127,UG,,,0.01,Don't know,NC,CNPC,5,,
613,default,,2,Null,2,1,0,,,,,NC,119,FILL,,,0.99,Correct,NC,CNPC,6,,
613,default,,0,correct,3,2,0,,,,,NC,118,FILL,,,0.98,Correct,NC,CNPC,7,,
613,default,,0,correct,3,2,0,,,,,NC,10,CNPC,,,0.6,Correct,NC,CNPC,8,,
613,default,,2,Null,3,3,3,,,,,NC,126,UG,,,0,Don't know,NC,CNPC,9,,
613,default,,2,Null,4,3,3,,,,,NC,125,UG,,,0.02,Don't know,NC,CNPC,10,,
613,default,,1,correct,4,1,0,,,,,NC,117,FILL,,,0.91,Correct,NC,CNPC,11,,
613,default,,2,Null,4,3,3,,,,,NC,9,CNPC,,,0.24,Don't know,NC,CNPC,12,,
613,default,,2,Null,5,1,0,,,,,NC,116,FILL,,,0.52,Correct,NC,CNPC,13,,
613,default,,2,Null,5,3,3,,,,,NC,124,UG,,,0.07,Don't know,NC,CNPC,14,,
613,default,,2,Null,5,1,0,,,,,NC,8,CNPC,,,0.99,Correct,NC,CNPC,15,,
613,default,,2,Null,6,3,3,,,,,NC,7,CNPC,,,0.14,Don't know,NC,CNPC,16,,
613,default,,2,Null,6,3,3,,,,,NC,123,UG,,,0.03,Don't know,NC,CNPC,17,,
613,default,,2,Null,6,1,0,,,,,NC,115,FILL,,,0.94,Correct,NC,CNPC,18,,
613,default,,2,Null,7,1,0,,,,,NC,114,FILL,,,0.94,Correct,NC,CNPC,19,,
613,default,,1,correct,7,3,3,,,,,NC,6,CNPC,,,0.3,Don't know,NC,CNPC,20,,
613,default,,2,Null,7,2,0,,,,,NC,122,UG,,,0.09,Correct,NC,CNPC,21,,
613,default,,2,Null,8,1,0,,,,,NC,113,FILL,,,0.83,Correct,NC,CNPC,22,,
613,default,,1,correct,8,3,3,,,,,NC,121,UG,,,0.02,Don't know,NC,CNPC,23,,
613,default,,2,Null,8,0,0,,,,,NC,5,CNPC,,,0.63,Correct,NC,CNPC,24,,
579,default,b,,,practice,,,SC,,,,,practice_good,,practice_good,0.97,,,,,0,0,
579,default,d,,,practice,,,SC,0,a,b,,practice_good,,practice_good,0,,,,,0,2,
579,default,,0,correct,1,3,3,,,,,SC,128,UG,,,0,Don't know,SC,CNPC,1,,
579,default,,2,Null,1,1,0,,,,,SC,12,CNPC,,,0.39,Correct,SC,CNPC,2,,
579,default,,2,Null,1,0,0,,,,,SC,120,FILL,,,0.99,Correct,SC,CNPC,3,,
579,default,,2,Null,2,3,3,,,,,SC,127,UG,,,0,Don't know,SC,CNPC,4,,
579,default,,2,Null,2,0,2,,,,,SC,11,CNPC,,,0.45,Incorrect,SC,CNPC,5,,
579,default,,1,correct,2,0,0,,,,,SC,119,FILL,,,0.99,Correct,SC,CNPC,6,,
579,default,,2,Null,3,0,0,,,,,SC,126,UG,,,0,Correct,SC,CNPC,7,,
579,default,,0,correct,3,1,0,,,,,SC,118,FILL,,,0.98,Correct,SC,CNPC,8,,
579,default,,2,Null,3,1,1,,,,,SC,10,CNPC,,,0.62,Incorrect,SC,CNPC,9,,
579,default,,1,correct,4,1,0,,,,,SC,117,FILL,,,0.98,Correct,SC,CNPC,10,,
579,default,,2,Null,4,1,0,,,,,SC,9,CNPC,,,0.72,Correct,SC,CNPC,11,,
579,default,,2,Null,4,3,3,,,,,SC,125,UG,,,0.01,Don't know,SC,CNPC,12,,
579,default,,2,Null,5,1,1,,,,,SC,8,CNPC,,,0.89,Incorrect,SC,CNPC,13,,
579,default,,2,Null,5,3,3,,,,,SC,124,UG,,,0.02,Don't know,SC,CNPC,14,,
579,default,,2,Null,5,2,0,,,,,SC,116,FILL,,,0.99,Correct,SC,CNPC,15,,
579,default,,0,correct,6,3,3,,,,,SC,123,UG,,,0.02,Don't know,SC,CNPC,16,,
579,default,,2,Null,6,1,0,,,,,SC,7,CNPC,,,0.97,Correct,SC,CNPC,17,,
579,default,,0,correct,6,2,0,,,,,SC,115,FILL,,,0.99,Correct,SC,CNPC,18,,
579,default,,2,Null,7,3,3,,,,,SC,6,CNPC,,,0.46,Don't know,SC,CNPC,19,,
579,default,,2,Null,7,0,0,,,,,SC,114,FILL,,,0.98,Correct,SC,CNPC,20,,
579,default,,2,Null,7,3,3,,,,,SC,122,UG,,,0,Don't know,SC,CNPC,21,,
579,default,,2,Null,8,2,0,,,,,SC,5,CNPC,,,0.52,Correct,SC,CNPC,22,,
579,default,,2,Null,8,1,0,,,,,SC,113,FILL,,,1,Correct,SC,CNPC,23,,
579,default,,2,Null,8,3,3,,,,,SC,121,UG,,,0.01,Don't know,SC,CNPC,24,,
602,default,b,,,practice,,,NC,,,a,,practice_good,,practice_good,0.99,,,,,0,1,
602,default,d,,,practice,,,NC,0,a,c,,practice_good,,practice_good,0,,,,,0,2,
602,default,,2,Null,1,1,0,,,,,NC,120,FILL,,,1,Correct,NC,WH,1,,
602,default,,2,Null,1,3,3,,,,,NC,128,UG,,,0.03,Don't know,NC,WH,2,,
602,default,,2,Null,1,3,3,,,,,NC,12,WH,,,0.06,Don't know,NC,WH,3,,
602,default,,2,Null,2,3,3,,,,,NC,127,UG,,,0.02,Don't know,NC,WH,4,,
602,default,,2,Null,2,0,2,,,,,NC,11,WH,,,0.08,Incorrect,NC,WH,5,,
602,default,,2,Null,2,1,0,,,,,NC,119,FILL,,,0.96,Correct,NC,WH,6,,
602,default,,2,Null,3,1,1,,,,,NC,126,UG,,,0.03,Incorrect,NC,WH,7,,
602,default,,2,Null,3,0,0,,,,,NC,10,WH,,,0.72,Correct,NC,WH,8,,
602,default,,2,Null,3,1,0,,,,,NC,118,FILL,,,0.99,Correct,NC,WH,9,,
602,default,,2,Null,4,1,0,,,,,NC,9,WH,,,0.44,Correct,NC,WH,10,,
602,default,,2,Null,4,2,0,,,,,NC,117,FILL,,,0.99,Correct,NC,WH,11,,
602,default,,2,Null,4,1,0,,,,,NC,125,UG,,,0,Correct,NC,WH,12,,
602,default,,2,Null,5,3,3,,,,,NC,124,UG,,,0.02,Don't know,NC,WH,13,,
602,default,,2,Null,5,0,2,,,,,NC,8,WH,,,0,Incorrect,NC,WH,14,,
602,default,,2,Null,5,1,0,,,,,NC,116,FILL,,,0.09,Correct,NC,WH,15,,
602,default,,2,Null,6,3,3,,,,,NC,123,UG,,,0.03,Don't know,NC,WH,16,,
602,default,,2,Null,6,3,3,,,,,NC,7,WH,,,0,Don't know,NC,WH,17,,
602,default,,2,Null,6,2,0,,,,,NC,115,FILL,,,0.98,Correct,NC,WH,18,,
602,default,,1,correct,7,0,0,,,,,NC,122,UG,,,0.01,Correct,NC,WH,19,,
602,default,,1,correct,7,0,0,,,,,NC,114,FILL,,,0.97,Correct,NC,WH,20,,
602,default,,1,correct,7,3,3,,,,,NC,6,WH,,,0.12,Don't know,NC,WH,21,,
602,default,,0,correct,8,1,0,,,,,NC,5,WH,,,0.97,Correct,NC,WH,22,,
602,default,,0,correct,8,2,0,,,,,NC,113,FILL,,,1,Correct,NC,WH,23,,
602,default,,1,correct,8,3,3,,,,,NC,121,UG,,,0.02,Don't know,NC,WH,24,,
604,default,b,,,practice,,,SC,,,,,practice_good,,practice_good,0.99,,,,,0,0,
604,default,d,,,practice,,,SC,0,a,,,practice_good,,practice_good,0,,,,,0,0,
604,default,,2,Null,1,1,0,,,,,SC,12,CNPC,,,0.27,Correct,SC,CNPC,1,,
604,default,,2,Null,1,3,3,,,,,SC,128,UG,,,0,Don't know,SC,CNPC,2,,
604,default,,2,Null,1,1,0,,,,,SC,120,FILL,,,0.92,Correct,SC,CNPC,3,,
604,default,,0,correct,2,0,0,,,,,SC,11,CNPC,,,0,Correct,SC,CNPC,4,,
604,default,,1,correct,2,1,0,,,,,SC,119,FILL,,,0.16,Correct,SC,CNPC,5,,
604,default,,0,correct,2,2,0,,,,,SC,127,UG,,,0,Correct,SC,CNPC,6,,
604,default,,2,Null,3,2,0,,,,,SC,10,CNPC,,,0.24,Correct,SC,CNPC,7,,
604,default,,2,Null,3,1,0,,,,,SC,118,FILL,,,0.91,Correct,SC,CNPC,8,,
604,default,,2,Null,3,2,1,,,,,SC,126,UG,,,0,Incorrect,SC,CNPC,9,,
604,default,,2,Null,4,0,0,,,,,SC,125,UG,,,0,Correct,SC,CNPC,10,,
604,default,,2,Null,4,3,3,,,,,SC,117,FILL,,,0.96,Don't know,SC,CNPC,11,,
604,default,,2,Null,4,0,0,,,,,SC,9,CNPC,,,0.68,Correct,SC,CNPC,12,,
604,default,,1,correct,5,2,0,,,,,SC,116,FILL,,,0.8,Correct,SC,CNPC,13,,
604,default,,2,Null,5,1,2,,,,,SC,124,UG,,,0.2,Incorrect,SC,CNPC,14,,
604,default,,2,Null,5,0,1,,,,,SC,8,CNPC,,,0.8,Incorrect,SC,CNPC,15,,
604,default,,2,Null,6,0,0,,,,,SC,115,FILL,,,0.98,Correct,SC,CNPC,16,,
604,default,,0,correct,6,2,2,,,,,SC,123,UG,,,0.09,Incorrect,SC,CNPC,17,,
604,default,,2,Null,6,3,3,,,,,SC,7,CNPC,,,0.47,Don't know,SC,CNPC,18,,
604,default,,2,Null,7,3,3,,,,,SC,6,CNPC,,,0.23,Don't know,SC,CNPC,19,,
604,default,,2,Null,7,3,3,,,,,SC,114,FILL,,,0.9,Don't know,SC,CNPC,20,,
604,default,,2,Null,7,0,0,,,,,SC,122,UG,,,0.13,Correct,SC,CNPC,21,,
604,default,,1,correct,8,0,0,,,,,SC,121,UG,,,0.08,Correct,SC,CNPC,22,,
604,default,,2,Null,8,2,0,,,,,SC,5,CNPC,,,0.89,Correct,SC,CNPC,23,,
604,default,,2,Null,8,2,0,,,,,SC,113,FILL,,,0.89,Correct,SC,CNPC,24,,
623,default,b,,,practice,,,NC,,,,,practice_good,,practice_good,1,,,,,0,0,
623,default,d,,,practice,,,NC,0,a,,,practice_good,,practice_good,0.03,,,,,0,0,
623,default,,2,Null,1,0,0,,,,,NC,12,WH,,,0.3,Correct,NC,WH,1,,
623,default,,2,Null,1,3,3,,,,,NC,128,UG,,,0,Don't know,NC,WH,2,,
623,default,,2,Null,1,1,0,,,,,NC,120,FILL,,,1,Correct,NC,WH,3,,
623,default,,2,Null,2,0,0,,,,,NC,119,FILL,,,0.94,Correct,NC,WH,4,,
623,default,,2,Null,2,3,3,,,,,NC,127,UG,,,0.01,Don't know,NC,WH,5,,
623,default,,0,correct,2,1,2,,,,,NC,11,WH,,,0.37,Incorrect,NC,WH,6,,
623,default,,2,Null,3,2,0,,,,,NC,10,WH,,,0.41,Correct,NC,WH,7,,
623,default,,2,Null,3,2,0,,,,,NC,118,FILL,,,0.87,Correct,NC,WH,8,,
623,default,,2,Null,3,3,3,,,,,NC,126,UG,,,0,Don't know,NC,WH,9,,
623,default,,2,Null,4,2,0,,,,,NC,117,FILL,,,0.72,Correct,NC,WH,10,,
623,default,,0,correct,4,3,3,,,,,NC,125,UG,,,0,Don't know,NC,WH,11,,
623,default,,2,Null,4,2,1,,,,,NC,9,WH,,,0.71,Incorrect,NC,WH,12,,
623,default,,0,correct,5,0,0,,,,,NC,8,WH,,,0.97,Correct,NC,WH,13,,
623,default,,2,Null,5,2,0,,,,,NC,116,FILL,,,0.7,Correct,NC,WH,14,,
623,default,,2,Null,5,3,3,,,,,NC,124,UG,,,0.02,Don't know,NC,WH,15,,
623,default,,0,correct,6,3,3,,,,,NC,123,UG,,,0,Don't know,NC,WH,16,,
623,default,,2,Null,6,1,0,,,,,NC,115,FILL,,,1,Correct,NC,WH,17,,
623,default,,2,Null,6,2,0,,,,,NC,7,WH,,,0.77,Correct,NC,WH,18,,
623,default,,2,Null,7,3,3,,,,,NC,122,UG,,,0,Don't know,NC,WH,19,,
623,default,,1,correct,7,3,3,,,,,NC,6,WH,,,1,Don't know,NC,WH,20,,
623,default,,2,Null,7,0,0,,,,,NC,114,FILL,,,1,Correct,NC,WH,21,,
623,default,,2,Null,8,3,3,,,,,NC,121,UG,,,0,Don't know,NC,WH,22,,
623,default,,2,Null,8,0,0,,,,,NC,113,FILL,,,1,Correct,NC,WH,23,,
623,default,,0,correct,8,2,0,,,,,NC,5,WH,,,1,Correct,NC,WH,24,,
609,default,b,,,practice,,,NC,,,0.32,,practice_good,,practice_good,0.93,,,,,0,1,
609,default,d,,,practice,,,NC,0,a,c,,practice_good,,practice_good,0.01,,,,,0,4,
609,default,,2,Null,1,1,0,,,,,NC,120,FILL,,,0.92,Correct,NC,WH,1,,
609,default,,0,correct,1,0,2,,,,,NC,12,WH,,,0.42,Incorrect,NC,WH,2,,
609,default,,2,Null,1,1,0,,,,,NC,128,UG,,,0.13,Correct,NC,WH,3,,
609,default,,2,Null,2,0,2,,,,,NC,11,WH,,,0.4,Incorrect,NC,WH,4,,
609,default,,1,correct,2,1,0,,,,,NC,119,FILL,,,0.59,Correct,NC,WH,5,,
609,default,,2,Null,2,1,0,,,,,NC,127,UG,,,0.08,Correct,NC,WH,6,,
609,default,,2,Null,3,2,0,,,,,NC,118,FILL,,,0.54,Correct,NC,WH,7,,
609,default,,1,correct,3,0,1,,,,,NC,126,UG,,,0.01,Incorrect,NC,WH,8,,
609,default,,2,Null,3,0,0,,,,,NC,10,WH,,,0.54,Correct,NC,WH,9,,
609,default,,2,Null,4,0,0,,,,,NC,117,FILL,,,0.3,Correct,NC,WH,10,,
609,default,,2,Null,4,1,0,,,,,NC,125,UG,,,0.01,Correct,NC,WH,11,,
609,default,,0,correct,4,0,0,,,,,NC,9,WH,,,0.06,Correct,NC,WH,12,,
609,default,,2,Null,5,0,1,,,,,NC,124,UG,,,0.07,Incorrect,NC,WH,13,,
609,default,,2,Null,5,2,1,,,,,NC,8,WH,,,0.01,Incorrect,NC,WH,14,,
609,default,,2,Null,5,2,0,,,,,NC,116,FILL,,,0.57,Correct,NC,WH,15,,
609,default,,2,Null,6,0,2,,,,,NC,123,UG,,,0.24,Incorrect,NC,WH,16,,
609,default,,2,Null,6,1,0,,,,,NC,7,WH,,,0.61,Correct,NC,WH,17,,
609,default,,2,Null,6,0,0,,,,,NC,115,FILL,,,0.61,Correct,NC,WH,18,,
609,default,,0,incorrect,7,3,3,,,,,NC,6,WH,,,0.58,Don't know,NC,WH,19,,
609,default,,2,Null,7,0,0,,,,,NC,114,FILL,,,0.63,Correct,NC,WH,20,,
609,default,,2,Null,7,1,0,,,,,NC,122,UG,,,0.36,Correct,NC,WH,21,,
609,default,,0,correct,8,3,3,,,,,NC,113,FILL,,,0.59,Don't know,NC,WH,22,,
609,default,,2,Null,8,0,0,,,,,NC,121,UG,,,0.01,Correct,NC,WH,23,,
609,default,,2,Null,8,0,2,,,,,NC,5,WH,,,0.73,Incorrect,NC,WH,24,,
599,default,b,,,practice,,,NC,,,0,,practice_good,,practice_good,1,,,,,0,1,
599,default,d,,,practice,,,NC,0,a,c,,practice_good,,practice_good,0,,,,,0,3,
599,default,,0,correct,1,3,3,,,,,NC,12,WH,,,0,Don't know,NC,WH,1,,
599,default,,2,Null,1,1,0,,,,,NC,128,UG,,,0,Correct,NC,WH,2,,
599,default,,2,Null,1,1,0,,,,,NC,120,FILL,,,1,Correct,NC,WH,3,,
599,default,,2,Null,2,1,0,,,,,NC,127,UG,,,1,Correct,NC,WH,4,,
599,default,,2,Null,2,2,0,,,,,NC,119,FILL,,,0.97,Correct,NC,WH,5,,
599,default,,2,Null,2,2,2,,,,,NC,11,WH,,,0.69,Incorrect,NC,WH,6,,
599,default,,0,correct,3,2,1,,,,,NC,10,WH,,,0.45,Incorrect,NC,WH,7,,
599,default,,2,Null,3,3,3,,,,,NC,118,FILL,,,0.09,Don't know,NC,WH,8,,
599,default,,2,Null,3,3,3,,,,,NC,126,UG,,,1,Don't know,NC,WH,9,,
599,default,,2,Null,4,1,0,,,,,NC,125,UG,,,0,Correct,NC,WH,10,,
599,default,,1,correct,4,2,0,,,,,NC,117,FILL,,,0.95,Correct,NC,WH,11,,
599,default,,2,Null,4,0,2,,,,,NC,9,WH,,,0.66,Incorrect,NC,WH,12,,
599,default,,2,Null,5,1,0,,,,,NC,124,UG,,,0,Correct,NC,WH,13,,
599,default,,0,correct,5,0,1,,,,,NC,8,WH,,,0.68,Incorrect,NC,WH,14,,
599,default,,2,Null,5,3,3,,,,,NC,116,FILL,,,0.81,Don't know,NC,WH,15,,
599,default,,2,Null,6,3,3,,,,,NC,123,UG,,,0,Don't know,NC,WH,16,,
599,default,,2,Null,6,1,1,,,,,NC,7,WH,,,0.06,Incorrect,NC,WH,17,,
599,default,,2,Null,6,2,0,,,,,NC,115,FILL,,,1,Correct,NC,WH,18,,
599,default,,2,Null,7,0,0,,,,,NC,122,UG,,,0.02,Correct,NC,WH,19,,
599,default,,1,correct,7,3,3,,,,,NC,114,FILL,,,0.97,Don't know,NC,WH,20,,
599,default,,1,correct,7,3,3,,,,,NC,6,WH,,,0.88,Don't know,NC,WH,21,,
599,default,,2,Null,8,3,3,,,,,NC,121,UG,,,0.01,Don't know,NC,WH,22,,
599,default,,2,Null,8,2,0,,,,,NC,5,WH,,,0.98,Correct,NC,WH,23,,
599,default,,2,Null,8,3,3,,,,,NC,113,FILL,,,0.97,Don't know,NC,WH,24,,
622,default,b,,,practice,,,SC,,,,,practice_good,,practice_good,0.97,,,,,0,0,
622,default,d,,,practice,,,SC,0,a,c,,practice_good,,practice_good,0.08,,,,,0,3,
622,default,,0,correct,1,3,3,,,,,SC,12,WH,,,0.21,Don't know,SC,WH,1,,
622,default,,2,Null,1,1,0,,,,,SC,120,FILL,,,0.64,Correct,SC,WH,2,,
622,default,,2,Null,1,3,3,,,,,SC,128,UG,,,0.01,Don't know,SC,WH,3,,
622,default,,2,Null,2,2,0,,,,,SC,11,WH,,,0.34,Correct,SC,WH,4,,
622,default,,2,Null,2,2,0,,,,,SC,119,FILL,,,0.61,Correct,SC,WH,5,,
622,default,,2,Null,2,3,3,,,,,SC,127,UG,,,0,Don't know,SC,WH,6,,
622,default,,2,Null,3,1,0,,,,,SC,10,WH,,,0.46,Correct,SC,WH,7,,
622,default,,2,Null,3,0,0,,,,,SC,118,FILL,,,0.82,Correct,SC,WH,8,,
622,default,,2,Null,3,3,3,,,,,SC,126,UG,,,0.01,Don't know,SC,WH,9,,
622,default,,0,correct,4,1,0,,,,,SC,9,WH,,,0.59,Correct,SC,WH,10,,
622,default,,2,Null,4,3,3,,,,,SC,125,UG,,,0.02,Don't know,SC,WH,11,,
622,default,,2,Null,4,2,0,,,,,SC,117,FILL,,,0.94,Correct,SC,WH,12,,
622,default,,2,Null,5,3,3,,,,,SC,124,UG,,,0,Don't know,SC,WH,13,,
622,default,,2,Null,5,2,0,,,,,SC,116,FILL,,,0.52,Correct,SC,WH,14,,
622,default,,0,correct,5,1,2,,,,,SC,8,WH,,,0.68,Incorrect,SC,WH,15,,
622,default,,2,Null,6,0,0,,,,,SC,115,FILL,,,0.88,Correct,SC,WH,16,,
622,default,,2,Null,6,0,1,,,,,SC,7,WH,,,0.49,Incorrect,SC,WH,17,,
622,default,,0,correct,6,3,3,,,,,SC,123,UG,,,0.01,Don't know,SC,WH,18,,
622,default,,2,Null,7,1,0,,,,,SC,6,WH,,,0.99,Correct,SC,WH,19,,
622,default,,2,Null,7,2,0,,,,,SC,114,FILL,,,0.82,Correct,SC,WH,20,,
622,default,,2,Null,7,3,3,,,,,SC,122,UG,,,0,Don't know,SC,WH,21,,
622,default,,0,correct,8,2,0,,,,,SC,5,WH,,,0.98,Correct,SC,WH,22,,
622,default,,1,correct,8,3,3,,,,,SC,121,UG,,,0.01,Don't know,SC,WH,23,,
622,default,,2,Null,8,1,0,,,,,SC,113,FILL,,,0.97,Correct,SC,WH,24,,
591,default,b,,,practice,,,SC,,,,,practice_good,,practice_good,1,,,,,0,0,
591,default,d,,,practice,,,SC,0,a,,,practice_good,,practice_good,0,,,,,0,0,
591,default,,0,correct,1,1,1,,,,,SC,12,CNPC,,,0.23,Incorrect,SC,CNPC,1,,
591,default,,0,correct,1,2,0,,,,,SC,128,UG,,,0,Correct,SC,CNPC,2,,
591,default,,2,Null,1,0,0,,,,,SC,120,FILL,,,1,Correct,SC,CNPC,3,,
591,default,,2,Null,2,2,0,,,,,SC,119,FILL,,,0.84,Correct,SC,CNPC,4,,
591,default,,2,Null,2,1,0,,,,,SC,11,CNPC,,,0.27,Correct,SC,CNPC,5,,
591,default,,2,Null,2,0,0,,,,,SC,127,UG,,,0,Correct,SC,CNPC,6,,
591,default,,2,Null,3,1,0,,,,,SC,10,CNPC,,,0.31,Correct,SC,CNPC,7,,
591,default,,2,Null,3,0,0,,,,,SC,126,UG,,,0,Correct,SC,CNPC,8,,
591,default,,2,Null,3,1,0,,,,,SC,118,FILL,,,1,Correct,SC,CNPC,9,,
591,default,,0,correct,4,1,0,,,,,SC,9,CNPC,,,0.72,Correct,SC,CNPC,10,,
591,default,,2,Null,4,1,0,,,,,SC,125,UG,,,0,Correct,SC,CNPC,11,,
591,default,,1,correct,4,0,0,,,,,SC,117,FILL,,,0.22,Correct,SC,CNPC,12,,
591,default,,2,Null,5,1,2,,,,,SC,124,UG,,,0,Incorrect,SC,CNPC,13,,
591,default,,1,correct,5,0,0,,,,,SC,116,FILL,,,0.76,Correct,SC,CNPC,14,,
591,default,,2,Null,5,2,0,,,,,SC,8,CNPC,,,0.5,Correct,SC,CNPC,15,,
591,default,,0,correct,6,1,0,,,,,SC,123,UG,,,0,Correct,SC,CNPC,16,,
591,default,,2,Null,6,0,0,,,,,SC,7,CNPC,,,0.77,Correct,SC,CNPC,17,,
591,default,,2,Null,6,2,0,,,,,SC,115,FILL,,,1,Correct,SC,CNPC,18,,
591,default,,2,Null,7,1,0,,,,,SC,6,CNPC,,,0.49,Correct,SC,CNPC,19,,
591,default,,2,Null,7,2,0,,,,,SC,122,UG,,,0,Correct,SC,CNPC,20,,
591,default,,2,Null,7,2,0,,,,,SC,114,FILL,,,1,Correct,SC,CNPC,21,,
591,default,,2,Null,8,2,0,,,,,SC,5,CNPC,,,0.47,Correct,SC,CNPC,22,,
591,default,,2,Null,8,1,0,,,,,SC,113,FILL,,,0.87,Correct,SC,CNPC,23,,
591,default,,2,Null,8,2,0,,,,,SC,121,UG,,,0,Correct,SC,CNPC,24,,
605,default,b,,,practice,,,SC,,,,,practice_good,,practice_good,0.99,,,,,0,0,
605,default,d,,,practice,,,SC,0,a,c,,practice_good,,practice_good,0,,,,,0,4,
605,default,,0,correct,1,3,3,,,,,SC,128,UG,,,0,Don't know,SC,CNPC,1,,
605,default,,0,correct,1,1,0,,,,,SC,120,FILL,,,1,Correct,SC,CNPC,2,,
605,default,,2,Null,1,1,0,,,,,SC,12,CNPC,,,0.18,Correct,SC,CNPC,3,,
605,default,,2,Null,2,1,0,,,,,SC,119,FILL,,,0.64,Correct,SC,CNPC,4,,
605,default,,2,Null,2,1,0,,,,,SC,11,CNPC,,,0.35,Correct,SC,CNPC,5,,
605,default,,2,Null,2,3,3,,,,,SC,127,UG,,,0,Don't know,SC,CNPC,6,,
605,default,,2,Null,3,0,0,,,,,SC,126,UG,,,0,Correct,SC,CNPC,7,,
605,default,,2,Null,3,1,0,,,,,SC,118,FILL,,,1,Correct,SC,CNPC,8,,
605,default,,2,Null,3,0,1,,,,,SC,10,CNPC,,,0.5,Incorrect,SC,CNPC,9,,
605,default,,0,correct,4,2,2,,,,,SC,9,CNPC,,,0.48,Incorrect,SC,CNPC,10,,
605,default,,2,Null,4,0,0,,,,,SC,117,FILL,,,1,Correct,SC,CNPC,11,,
605,default,,2,Null,4,3,3,,,,,SC,125,UG,,,0,Don't know,SC,CNPC,12,,
605,default,,1,correct,5,1,0,,,,,SC,116,FILL,,,1,Correct,SC,CNPC,13,,
605,default,,2,Null,5,3,3,,,,,SC,124,UG,,,0,Don't know,SC,CNPC,14,,
605,default,,1,incorrect,5,1,1,,,,,SC,8,CNPC,,,0.84,Incorrect,SC,CNPC,15,,
605,default,,2,Null,6,1,1,,,,,SC,115,FILL,,,1,Incorrect,SC,CNPC,16,,
605,default,,2,Null,6,1,0,,,,,SC,7,CNPC,,,0.49,Correct,SC,CNPC,17,,
605,default,,2,Null,6,3,3,,,,,SC,123,UG,,,0,Don't know,SC,CNPC,18,,
605,default,,1,correct,7,0,0,,,,,SC,122,UG,,,0,Correct,SC,CNPC,19,,
605,default,,2,Null,7,0,0,,,,,SC,114,FILL,,,1,Correct,SC,CNPC,20,,
605,default,,2,Null,7,1,0,,,,,SC,6,CNPC,,,0.8,Correct,SC,CNPC,21,,
605,default,,2,Null,8,2,0,,,,,SC,121,UG,,,0.07,Correct,SC,CNPC,22,,
605,default,,2,Null,8,0,0,,,,,SC,113,FILL,,,0.35,Correct,SC,CNPC,23,,
605,default,,2,Null,8,0,0,,,,,SC,5,CNPC,,,0.11,Correct,SC,CNPC,24,,
575,default,b,,,practice,,,NC,,,,,practice_good,,practice_good,0.89,,,,,0,0,
575,default,d,,,practice,,,NC,0,a,b,,practice_good,,practice_good,0.01,,,,,0,2,
575,default,,0,correct,1,3,3,,,,,NC,128,UG,,,0.01,Don't know,NC,WH,1,,
575,default,,1,incorrect,1,0,0,,,,,NC,120,FILL,,,0.98,Correct,NC,WH,2,,
575,default,,0,correct,1,0,0,,,,,NC,12,WH,,,0.33,Correct,NC,WH,3,,
575,default,,2,Null,2,2,0,,,,,NC,127,UG,,,0.01,Correct,NC,WH,4,,
575,default,,2,Null,2,0,2,,,,,NC,119,FILL,,,0.83,Incorrect,NC,WH,5,,
575,default,,2,Null,2,1,0,,,,,NC,11,WH,,,0.49,Correct,NC,WH,6,,
575,default,,2,Null,3,3,3,,,,,NC,126,UG,,,0.04,Don't know,NC,WH,7,,
575,default,,2,Null,3,2,0,,,,,NC,10,WH,,,0.25,Correct,NC,WH,8,,
575,default,,0,correct,3,2,0,,,,,NC,118,FILL,,,0.99,Correct,NC,WH,9,,
575,default,,2,Null,4,0,0,,,,,NC,117,FILL,,,0.97,Correct,NC,WH,10,,
575,default,,0,correct,4,3,3,,,,,NC,125,UG,,,0,Don't know,NC,WH,11,,
575,default,,2,Null,4,0,0,,,,,NC,9,WH,,,0.98,Correct,NC,WH,12,,
575,default,,2,Null,5,1,0,,,,,NC,116,FILL,,,0.74,Correct,NC,WH,13,,
575,default,,0,correct,5,3,3,,,,,NC,124,UG,,,0.02,Don't know,NC,WH,14,,
575,default,,2,Null,5,1,1,,,,,NC,8,WH,,,0.95,Incorrect,NC,WH,15,,
575,default,,2,Null,6,3,3,,,,,NC,123,UG,,,0.01,Don't know,NC,WH,16,,
575,default,,2,Null,6,1,0,,,,,NC,115,FILL,,,0.95,Correct,NC,WH,17,,
575,default,,2,Null,6,0,1,,,,,NC,7,WH,,,0.95,Incorrect,NC,WH,18,,
575,default,,2,Null,7,3,3,,,,,NC,122,UG,,,0.01,Don't know,NC,WH,19,,
575,default,,2,Null,7,3,3,,,,,NC,6,WH,,,0.69,Don't know,NC,WH,20,,
575,default,,2,Null,7,0,0,,,,,NC,114,FILL,,,0.47,Correct,NC,WH,21,,
575,default,,2,Null,8,3,3,,,,,NC,121,UG,,,0.01,Don't know,NC,WH,22,,
575,default,,2,Null,8,0,0,,,,,NC,5,WH,,,0.97,Correct,NC,WH,23,,
575,default,,2,Null,8,1,0,,,,,NC,113,FILL,,,0.87,Correct,NC,WH,24,,
571,default,b,,,practice,,,SC,,,,,practice_good,,practice_good,0.82,,,,,0,0,
571,default,d,,,practice,,,SC,0,a,b,,practice_good,,practice_good,0.01,,,,,0,2,
571,default,,2,Null,1,3,3,,,,,SC,128,UG,,,0,Don't know,SC,CNPC,1,,
571,default,,0,correct,1,0,1,,,,,SC,12,CNPC,,,0.6,Incorrect,SC,CNPC,2,,
571,default,,2,Null,1,1,0,,,,,SC,120,FILL,,,0.91,Correct,SC,CNPC,3,,
571,default,,0,correct,2,3,3,,,,,SC,127,UG,,,0.01,Don't know,SC,CNPC,4,,
571,default,,2,Null,2,0,0,,,,,SC,119,FILL,,,0.79,Correct,SC,CNPC,5,,
571,default,,2,Null,2,1,0,,,,,SC,11,CNPC,,,0.25,Correct,SC,CNPC,6,,
571,default,,2,Null,3,0,0,,,,,SC,118,FILL,,,0.55,Correct,SC,CNPC,7,,
571,default,,1,correct,3,0,0,,,,,SC,126,UG,,,0.04,Correct,SC,CNPC,8,,
571,default,,2,Null,3,0,1,,,,,SC,10,CNPC,,,0.69,Incorrect,SC,CNPC,9,,
571,default,,2,Null,4,3,3,,,,,SC,125,UG,,,0.17,Don't know,SC,CNPC,10,,
571,default,,2,Null,4,0,2,,,,,SC,9,CNPC,,,0.8,Incorrect,SC,CNPC,11,,
571,default,,2,Null,4,2,0,,,,,SC,117,FILL,,,0.65,Correct,SC,CNPC,12,,
571,default,,1,correct,5,1,0,,,,,SC,116,FILL,,,0.6,Correct,SC,CNPC,13,,
571,default,,2,Null,5,2,1,,,,,SC,8,CNPC,,,0.74,Incorrect,SC,CNPC,14,,
571,default,,2,Null,5,3,3,,,,,SC,124,UG,,,0.15,Don't know,SC,CNPC,15,,
571,default,,2,Null,6,3,3,,,,,SC,123,UG,,,0.19,Don't know,SC,CNPC,16,,
571,default,,2,Null,6,2,0,,,,,SC,7,CNPC,,,0.72,Correct,SC,CNPC,17,,
571,default,,2,Null,6,0,0,,,,,SC,115,FILL,,,0.84,Correct,SC,CNPC,18,,
571,default,,1,correct,7,1,0,,,,,SC,122,UG,,,0.16,Correct,SC,CNPC,19,,
571,default,,1,correct,7,3,3,,,,,SC,6,CNPC,,,0.66,Don't know,SC,CNPC,20,,
571,default,,2,Null,7,2,0,,,,,SC,114,FILL,,,0.83,Correct,SC,CNPC,21,,
571,default,,2,Null,8,1,0,,,,,SC,113,FILL,,,0.8,Correct,SC,CNPC,22,,
571,default,,2,Null,8,3,3,,,,,SC,121,UG,,,0.22,Don't know,SC,CNPC,23,,
571,default,,2,Null,8,1,0,,,,,SC,5,CNPC,,,0.78,Correct,SC,CNPC,24,,
600,default,b,,,practice,,,NC,,,,,practice_good,,practice_good,1,,,,,0,0,
600,default,d,,,practice,,,NC,0,a,,,practice_good,,practice_good,0,,,,,0,0,
600,default,,0,correct,1,1,0,,,,,NC,120,FILL,,,1,Correct,NC,WH,1,,
600,default,,0,correct,1,3,3,,,,,NC,12,WH,,,0.05,Don't know,NC,WH,2,,
600,default,,0,correct,1,3,3,,,,,NC,128,UG,,,0,Don't know,NC,WH,3,,
600,default,,0,correct,2,3,3,,,,,NC,127,UG,,,0,Don't know,NC,WH,4,,
600,default,,2,Null,2,0,2,,,,,NC,11,WH,,,0.17,Incorrect,NC,WH,5,,
600,default,,1,correct,2,0,0,,,,,NC,119,FILL,,,0.96,Correct,NC,WH,6,,
600,default,,0,correct,3,1,0,,,,,NC,118,FILL,,,1,Correct,NC,WH,7,,
600,default,,2,Null,3,3,3,,,,,NC,126,UG,,,0,Don't know,NC,WH,8,,
600,default,,2,Null,3,0,0,,,,,NC,10,WH,,,0.67,Correct,NC,WH,9,,
600,default,,2,Null,4,3,3,,,,,NC,125,UG,,,0,Don't know,NC,WH,10,,
600,default,,2,Null,4,2,0,,,,,NC,9,WH,,,0.68,Correct,NC,WH,11,,
600,default,,2,Null,4,1,0,,,,,NC,117,FILL,,,0.89,Correct,NC,WH,12,,
600,default,,2,Null,5,2,0,,,,,NC,116,FILL,,,0.73,Correct,NC,WH,13,,
600,default,,2,Null,5,1,0,,,,,NC,8,WH,,,0.67,Correct,NC,WH,14,,
600,default,,2,Null,5,3,3,,,,,NC,124,UG,,,0,Don't know,NC,WH,15,,
600,default,,2,Null,6,3,3,,,,,NC,123,UG,,,0,Don't know,NC,WH,16,,
600,default,,2,Null,6,2,0,,,,,NC,7,WH,,,0.82,Correct,NC,WH,17,,
600,default,,2,Null,6,1,0,,,,,NC,115,FILL,,,0.97,Correct,NC,WH,18,,
600,default,,2,Null,7,0,0,,,,,NC,6,WH,,,1,Correct,NC,WH,19,,
600,default,,2,Null,7,3,3,,,,,NC,122,UG,,,0,Don't know,NC,WH,20,,
600,default,,2,Null,7,0,0,,,,,NC,114,FILL,,,0.63,Correct,NC,WH,21,,
600,default,,2,Null,8,2,0,,,,,NC,5,WH,,,1,Correct,NC,WH,22,,
600,default,,2,Null,8,3,3,,,,,NC,121,UG,,,0,Don't know,NC,WH,23,,
600,default,,2,Null,8,2,0,,,,,NC,113,FILL,,,0.86,Correct,NC,WH,24,,
603,default,b,,,practice,,,SC,,,0.33,,practice_good,,practice_good,0.83,,,,,0,1,
603,default,d,,,practice,,,SC,0,a,,,practice_good,,practice_good,0,,,,,0,0,
603,default,,2,Null,1,3,3,,,,,SC,128,UG,,,0.11,Don't know,SC,CNPC,1,,
603,default,,0,correct,1,0,1,,,,,SC,12,CNPC,,,0.27,Incorrect,SC,CNPC,2,,
603,default,,0,correct,1,2,0,,,,,SC,120,FILL,,,0.85,Correct,SC,CNPC,3,,
603,default,,1,correct,2,1,0,,,,,SC,119,FILL,,,0.8,Correct,SC,CNPC,4,,
603,default,,2,Null,2,3,3,,,,,SC,11,CNPC,,,0.58,Don't know,SC,CNPC,5,,
603,default,,2,Null,2,2,0,,,,,SC,127,UG,,,0.29,Correct,SC,CNPC,6,,
603,default,,0,correct,3,0,0,,,,,SC,10,CNPC,,,0.78,Correct,SC,CNPC,7,,
603,default,,2,Null,3,0,0,,,,,SC,126,UG,,,0.26,Correct,SC,CNPC,8,,
603,default,,2,Null,3,1,0,,,,,SC,118,FILL,,,0.66,Correct,SC,CNPC,9,,
603,default,,2,Null,4,1,0,,,,,SC,117,FILL,,,0.72,Correct,SC,CNPC,10,,
603,default,,2,Null,4,1,2,,,,,SC,9,CNPC,,,0.64,Incorrect,SC,CNPC,11,,
603,default,,2,Null,4,0,0,,,,,SC,125,UG,,,0.28,Correct,SC,CNPC,12,,
603,default,,2,Null,5,3,3,,,,,SC,124,UG,,,0.23,Don't know,SC,CNPC,13,,
603,default,,2,Null,5,2,0,,,,,SC,116,FILL,,,0.6,Correct,SC,CNPC,14,,
603,default,,2,Null,5,0,1,,,,,SC,8,CNPC,,,0.66,Incorrect,SC,CNPC,15,,
603,default,,2,Null,6,1,0,,,,,SC,115,FILL,,,0.94,Correct,SC,CNPC,16,,
603,default,,0,correct,6,3,3,,,,,SC,123,UG,,,0.1,Don't know,SC,CNPC,17,,
603,default,,2,Null,6,0,1,,,,,SC,7,CNPC,,,0.9,Incorrect,SC,CNPC,18,,
603,default,,2,Null,7,3,3,,,,,SC,6,CNPC,,,0.82,Don't know,SC,CNPC,19,,
603,default,,2,Null,7,1,0,,,,,SC,122,UG,,,0.24,Correct,SC,CNPC,20,,
603,default,,2,Null,7,2,0,,,,,SC,114,FILL,,,0.76,Correct,SC,CNPC,21,,
603,default,,2,Null,8,1,0,,,,,SC,5,CNPC,,,0.78,Correct,SC,CNPC,22,,
603,default,,2,Null,8,3,3,,,,,SC,121,UG,,,0.23,Don't know,SC,CNPC,23,,
603,default,,0,correct,8,1,0,,,,,SC,113,FILL,,,0.76,Correct,SC,CNPC,24,,
593,default,b,,,practice,,,NC,,,,,practice_good,,practice_good,0.62,,,,,0,0,
593,default,d,,,practice,,,NC,0,a,c,,practice_good,,practice_good,0,,,,,0,3,
593,default,,2,Null,1,0,0,,,,,NC,120,FILL,,,0.74,Correct,NC,WH,1,,
593,default,,2,Null,1,3,3,,,,,NC,128,UG,,,0,Don't know,NC,WH,2,,
593,default,,2,Null,1,0,1,,,,,NC,12,WH,,,0.4,Incorrect,NC,WH,3,,
593,default,,2,Null,2,0,0,,,,,NC,119,FILL,,,0.62,Correct,NC,WH,4,,
593,default,,0,correct,2,3,3,,,,,NC,127,UG,,,0,Don't know,NC,WH,5,,
593,default,,2,Null,2,0,2,,,,,NC,11,WH,,,0.46,Incorrect,NC,WH,6,,
593,default,,2,Null,3,0,0,,,,,NC,10,WH,,,1,Correct,NC,WH,7,,
593,default,,0,correct,3,1,0,,,,,NC,118,FILL,,,0.84,Correct,NC,WH,8,,
593,default,,2,Null,3,3,3,,,,,NC,126,UG,,,0,Don't know,NC,WH,9,,
593,default,,2,Null,4,2,2,,,,,NC,9,WH,,,0.68,Incorrect,NC,WH,10,,
593,default,,2,Null,4,0,0,,,,,NC,117,FILL,,,0.87,Correct,NC,WH,11,,
593,default,,2,Null,4,3,3,,,,,NC,125,UG,,,0.01,Don't know,NC,WH,12,,
593,default,,2,Null,5,3,3,,,,,NC,124,UG,,,0,Don't know,NC,WH,13,,
593,default,,2,Null,5,2,1,,,,,NC,8,WH,,,0.65,Incorrect,NC,WH,14,,
593,default,,1,correct,5,2,0,,,,,NC,116,FILL,,,0.89,Correct,NC,WH,15,,
593,default,,2,Null,6,2,0,,,,,NC,115,FILL,,,0.83,Correct,NC,WH,16,,
593,default,,1,correct,6,0,0,,,,,NC,7,WH,,,0.49,Correct,NC,WH,17,,
593,default,,2,Null,6,3,3,,,,,NC,123,UG,,,0,Don't know,NC,WH,18,,
593,default,,0,incorrect,7,3,3,,,,,NC,6,WH,,,0.98,Don't know,NC,WH,19,,
593,default,,1,correct,7,0,0,,,,,NC,114,FILL,,,0.99,Correct,NC,WH,20,,
593,default,,2,Null,7,3,3,,,,,NC,122,UG,,,0,Don't know,NC,WH,21,,
593,default,,2,Null,8,1,2,,,,,NC,5,WH,,,0.71,Incorrect,NC,WH,22,,
593,default,,2,Null,8,3,3,,,,,NC,121,UG,,,0,Don't know,NC,WH,23,,
593,default,,2,Null,8,2,0,,,,,NC,113,FILL,,,0.92,Correct,NC,WH,24,,
607,default,b,,,practice,,,NC,,,,,practice_good,,practice_good,1,,,,,0,0,
607,default,d,,,practice,,,NC,0,a,,,practice_good,,practice_good,0,,,,,0,0,
607,default,,2,Null,1,3,3,,,,,NC,12,CNPC,,,0.07,Don't know,NC,CNPC,1,,
607,default,,2,Null,1,0,0,,,,,NC,120,FILL,,,1,Correct,NC,CNPC,2,,
607,default,,2,Null,1,3,3,,,,,NC,128,UG,,,0,Don't know,NC,CNPC,3,,
607,default,,0,correct,2,2,0,,,,,NC,11,CNPC,,,0.29,Correct,NC,CNPC,4,,
607,default,,2,Null,2,0,0,,,,,NC,119,FILL,,,0.87,Correct,NC,CNPC,5,,
607,default,,2,Null,2,2,0,,,,,NC,127,UG,,,0,Correct,NC,CNPC,6,,
607,default,,2,Null,3,1,0,,,,,NC,10,CNPC,,,0.12,Correct,NC,CNPC,7,,
607,default,,0,correct,3,2,0,,,,,NC,118,FILL,,,0.94,Correct,NC,CNPC,8,,
607,default,,2,Null,3,3,3,,,,,NC,126,UG,,,0,Don't know,NC,CNPC,9,,
607,default,,2,Null,4,0,0,,,,,NC,9,CNPC,,,0.15,Correct,NC,CNPC,10,,
607,default,,1,correct,4,2,0,,,,,NC,117,FILL,,,0.79,Correct,NC,CNPC,11,,
607,default,,2,Null,4,3,3,,,,,NC,125,UG,,,0,Don't know,NC,CNPC,12,,
607,default,,2,Null,5,3,3,,,,,NC,124,UG,,,0,Don't know,NC,CNPC,13,,
607,default,,2,Null,5,1,0,,,,,NC,116,FILL,,,0.61,Correct,NC,CNPC,14,,
607,default,,2,Null,5,2,0,,,,,NC,8,CNPC,,,0.37,Correct,NC,CNPC,15,,
607,default,,1,correct,6,3,3,,,,,NC,7,CNPC,,,0.18,Don't know,NC,CNPC,16,,
607,default,,0,correct,6,3,3,,,,,NC,123,UG,,,0,Don't know,NC,CNPC,17,,
607,default,,2,Null,6,0,0,,,,,NC,115,FILL,,,0.81,Correct,NC,CNPC,18,,
607,default,,2,Null,7,0,0,,,,,NC,122,UG,,,0,Correct,NC,CNPC,19,,
607,default,,2,Null,7,0,0,,,,,NC,114,FILL,,,0.75,Correct,NC,CNPC,20,,
607,default,,2,Null,7,3,3,,,,,NC,6,CNPC,,,0.11,Don't know,NC,CNPC,21,,
607,default,,0,correct,8,2,0,,,,,NC,113,FILL,,,0.88,Correct,NC,CNPC,22,,
607,default,,2,Null,8,0,0,,,,,NC,5,CNPC,,,0.31,Correct,NC,CNPC,23,,
607,default,,2,Null,8,3,3,,,,,NC,121,UG,,,0,Don't know,NC,CNPC,24,,
577,default,b,,,practice,,,SC,,,,,practice_good,,practice_good,0.99,,,,,0,0,
577,default,d,,,practice,,,SC,0,a,b,,practice_good,,practice_good,0.01,,,,,0,3,
577,default,,2,Null,1,1,1,,,,,SC,12,CNPC,,,0.27,Incorrect,SC,CNPC,1,,
577,default,,2,Null,1,3,3,,,,,SC,128,UG,,,0,Don't know,SC,CNPC,2,,
577,default,,2,Null,1,1,0,,,,,SC,120,FILL,,,0.85,Correct,SC,CNPC,3,,
577,default,,0,correct,2,3,3,,,,,SC,127,UG,,,0.19,Don't know,SC,CNPC,4,,
577,default,,2,Null,2,3,3,,,,,SC,11,CNPC,,,0.21,Don't know,SC,CNPC,5,,
577,default,,2,Null,2,2,0,,,,,SC,119,FILL,,,0.86,Correct,SC,CNPC,6,,
577,default,,2,Null,3,1,0,,,,,SC,126,UG,,,0.27,Correct,SC,CNPC,7,,
577,default,,2,Null,3,1,1,,,,,SC,10,CNPC,,,0.68,Incorrect,SC,CNPC,8,,
577,default,,2,Null,3,0,0,,,,,SC,118,FILL,,,0.98,Correct,SC,CNPC,9,,
577,default,,2,Null,4,0,0,,,,,SC,125,UG,,,0.27,Correct,SC,CNPC,10,,
577,default,,1,correct,4,1,0,,,,,SC,117,FILL,,,0.99,Correct,SC,CNPC,11,,
577,default,,0,correct,4,1,2,,,,,SC,9,CNPC,,,0.97,Incorrect,SC,CNPC,12,,
577,default,,2,Null,5,1,0,,,,,SC,116,FILL,,,0.8,Correct,SC,CNPC,13,,
577,default,,0,correct,5,2,1,,,,,SC,8,CNPC,,,0.67,Incorrect,SC,CNPC,14,,
577,default,,2,Null,5,3,3,,,,,SC,124,UG,,,0.29,Don't know,SC,CNPC,15,,
577,default,,2,Null,6,3,3,,,,,SC,123,UG,,,0.16,Don't know,SC,CNPC,16,,
577,default,,2,Null,6,0,0,,,,,SC,115,FILL,,,0.99,Correct,SC,CNPC,17,,
577,default,,1,correct,6,0,1,,,,,SC,7,CNPC,,,0.58,Incorrect,SC,CNPC,18,,
577,default,,2,Null,7,0,0,,,,,SC,114,FILL,,,0.97,Correct,SC,CNPC,19,,
577,default,,2,Null,7,2,0,,,,,SC,122,UG,,,0.02,Correct,SC,CNPC,20,,
577,default,,1,correct,7,3,3,,,,,SC,6,CNPC,,,0.84,Don't know,SC,CNPC,21,,
577,default,,2,Null,8,0,0,,,,,SC,113,FILL,,,0.98,Correct,SC,CNPC,22,,
577,default,,2,Null,8,2,0,,,,,SC,5,CNPC,,,0.82,Correct,SC,CNPC,23,,
577,default,,2,Null,8,1,0,,,,,SC,121,UG,,,0.28,Correct,SC,CNPC,24,,
598,default,b,,,practice,,,SC,,,a,,practice_good,,practice_good,0.98,,,,,0,1,
598,default,d,,,practice,,,SC,0,a,b,,practice_good,,practice_good,0.01,,,,,0,2,
598,default,,2,Null,1,1,1,,,,,SC,12,WH,,,0.12,Incorrect,SC,WH,1,,
598,default,,0,correct,1,3,3,,,,,SC,128,UG,,,0.01,Don't know,SC,WH,2,,
598,default,,0,correct,1,0,0,,,,,SC,120,FILL,,,0.99,Correct,SC,WH,3,,
598,default,,2,Null,2,3,3,,,,,SC,127,UG,,,0.05,Don't know,SC,WH,4,,
598,default,,1,correct,2,0,0,,,,,SC,119,FILL,,,0.99,Correct,SC,WH,5,,
598,default,,2,Null,2,2,2,,,,,SC,11,WH,,,0.16,Incorrect,SC,WH,6,,
598,default,,2,Null,3,1,0,,,,,SC,118,FILL,,,1,Correct,SC,WH,7,,
598,default,,2,Null,3,1,0,,,,,SC,10,WH,,,0.47,Correct,SC,WH,8,,
598,default,,2,Null,3,3,3,,,,,SC,126,UG,,,0.01,Don't know,SC,WH,9,,
598,default,,2,Null,4,3,3,,,,,SC,125,UG,,,0.01,Don't know,SC,WH,10,,
598,default,,2,Null,4,1,0,,,,,SC,9,WH,,,0.86,Correct,SC,WH,11,,
598,default,,2,Null,4,1,0,,,,,SC,117,FILL,,,0.73,Correct,SC,WH,12,,
598,default,,2,Null,5,3,3,,,,,SC,124,UG,,,0.01,Don't know,SC,WH,13,,
598,default,,0,correct,5,0,0,,,,,SC,8,WH,,,0.92,Correct,SC,WH,14,,
598,default,,2,Null,5,1,0,,,,,SC,116,FILL,,,0.68,Correct,SC,WH,15,,
598,default,,2,Null,6,3,3,,,,,SC,123,UG,,,0.01,Don't know,SC,WH,16,,
598,default,,2,Null,6,2,0,,,,,SC,115,FILL,,,0.97,Correct,SC,WH,17,,
598,default,,2,Null,6,0,0,,,,,SC,7,WH,,,0.99,Correct,SC,WH,18,,
598,default,,1,correct,7,2,0,,,,,SC,114,FILL,,,0.99,Correct,SC,WH,19,,
598,default,,2,Null,7,3,3,,,,,SC,122,UG,,,0.02,Don't know,SC,WH,20,,
598,default,,2,Null,7,3,3,,,,,SC,6,WH,,,0.97,Don't know,SC,WH,21,,
598,default,,0,correct,8,1,0,,,,,SC,113,FILL,,,0.98,Correct,SC,WH,22,,
598,default,,2,Null,8,3,3,,,,,SC,121,UG,,,0.01,Don't know,SC,WH,23,,
598,default,,2,Null,8,1,0,,,,,SC,5,WH,,,0.95,Correct,SC,WH,24,,
578,default,b,,,practice,,,NC,,,,,practice_good,,practice_good,0.87,,,,,0,0,
578,default,d,,,practice,,,NC,0,a,a,,practice_good,,practice_good,0,,,,,0,2,
578,default,,2,Null,1,3,3,,,,,NC,128,UG,,,0,Don't know,NC,WH,1,,
578,default,,0,correct,1,1,0,,,,,NC,12,WH,,,0.78,Correct,NC,WH,2,,
578,default,,2,Null,1,2,0,,,,,NC,120,FILL,,,0.95,Correct,NC,WH,3,,
578,default,,2,Null,2,2,2,,,,,NC,11,WH,,,0.95,Incorrect,NC,WH,4,,
578,default,,2,Null,2,3,3,,,,,NC,127,UG,,,0.06,Don't know,NC,WH,5,,
578,default,,1,correct,2,1,0,,,,,NC,119,FILL,,,0.9,Correct,NC,WH,6,,
578,default,,2,Null,3,1,1,,,,,NC,126,UG,,,0.05,Incorrect,NC,WH,7,,
578,default,,0,correct,3,2,0,,,,,NC,10,WH,,,0.71,Correct,NC,WH,8,,
578,default,,0,correct,3,1,0,,,,,NC,118,FILL,,,0.85,Correct,NC,WH,9,,
578,default,,2,Null,4,1,0,,,,,NC,117,FILL,,,0.95,Correct,NC,WH,10,,
578,default,,2,Null,4,1,0,,,,,NC,125,UG,,,0,Correct,NC,WH,11,,
578,default,,2,Null,4,1,0,,,,,NC,9,WH,,,0.75,Correct,NC,WH,12,,
578,default,,2,Null,5,3,3,,,,,NC,124,UG,,,0.07,Don't know,NC,WH,13,,
578,default,,2,Null,5,2,0,,,,,NC,116,FILL,,,0.79,Correct,NC,WH,14,,
578,default,,2,Null,5,2,1,,,,,NC,8,WH,,,0.66,Incorrect,NC,WH,15,,
578,default,,2,Null,6,1,0,,,,,NC,115,FILL,,,0.94,Correct,NC,WH,16,,
578,default,,2,Null,6,0,0,,,,,NC,123,UG,,,0.14,Correct,NC,WH,17,,
578,default,,1,correct,6,1,0,,,,,NC,7,WH,,,0.72,Correct,NC,WH,18,,
578,default,,2,Null,7,1,0,,,,,NC,6,WH,,,0.77,Correct,NC,WH,19,,
578,default,,2,Null,7,2,0,,,,,NC,122,UG,,,0.01,Correct,NC,WH,20,,
578,default,,1,correct,7,1,0,,,,,NC,114,FILL,,,0.98,Correct,NC,WH,21,,
578,default,,2,Null,8,3,3,,,,,NC,121,UG,,,0.04,Don't know,NC,WH,22,,
578,default,,2,Null,8,0,0,,,,,NC,5,WH,,,0.99,Correct,NC,WH,23,,
578,default,,2,Null,8,1,0,,,,,NC,113,FILL,,,0.68,Correct,NC,WH,24,,
589,default,b,,,practice,,,SC,,,a,,practice_good,,practice_good,0.9,,,,,0,4,
589,default,d,,,practice,,,SC,0,a,c,,practice_good,,practice_good,0.24,,,,,0,7,
589,default,,2,Null,1,1,1,,,,,SC,120,FILL,,,0.32,Incorrect,SC,CNPC,1,,
589,default,,2,Null,1,2,0,,,,,SC,128,UG,,,0.74,Correct,SC,CNPC,2,,
589,default,,0,correct,1,0,1,,,,,SC,12,CNPC,,,0.9,Incorrect,SC,CNPC,3,,
589,default,,2,Null,2,0,0,,,,,SC,11,CNPC,,,0.65,Correct,SC,CNPC,4,,
589,default,,2,Null,2,1,1,,,,,SC,127,UG,,,0.24,Incorrect,SC,CNPC,5,,
589,default,,2,Null,2,0,0,,,,,SC,119,FILL,,,0.78,Correct,SC,CNPC,6,,
589,default,,2,Null,3,2,0,,,,,SC,10,CNPC,,,0.71,Correct,SC,CNPC,7,,
589,default,,2,Null,3,1,0,,,,,SC,118,FILL,,,0.2,Correct,SC,CNPC,8,,
589,default,,1,correct,3,1,1,,,,,SC,126,UG,,,0.72,Incorrect,SC,CNPC,9,,
589,default,,2,Null,4,0,2,,,,,SC,9,CNPC,,,0.75,Incorrect,SC,CNPC,10,,
589,default,,0,correct,4,0,2,,,,,SC,125,UG,,,0.2,Incorrect,SC,CNPC,11,,
589,default,,1,correct,4,1,1,,,,,SC,117,FILL,,,0.7,Incorrect,SC,CNPC,12,,
589,default,,2,Null,5,2,0,,,,,SC,116,FILL,,,0.72,Correct,SC,CNPC,13,,
589,default,,0,correct,5,0,1,,,,,SC,8,CNPC,,,0.19,Incorrect,SC,CNPC,14,,
589,default,,2,Null,5,2,1,,,,,SC,124,UG,,,0.67,Incorrect,SC,CNPC,15,,
589,default,,2,Null,6,0,0,,,,,SC,115,FILL,,,0.12,Correct,SC,CNPC,16,,
589,default,,2,Null,6,2,0,,,,,SC,123,UG,,,0.75,Correct,SC,CNPC,17,,
589,default,,2,Null,6,0,1,,,,,SC,7,CNPC,,,0.27,Incorrect,SC,CNPC,18,,
589,default,,0,incorrect,7,0,0,,,,,SC,114,FILL,,,0.71,Correct,SC,CNPC,19,,
589,default,,2,Null,7,0,0,,,,,SC,122,UG,,,0.19,Correct,SC,CNPC,20,,
589,default,,2,Null,7,1,0,,,,,SC,6,CNPC,,,0.74,Correct,SC,CNPC,21,,
589,default,,2,Null,8,2,0,,,,,SC,121,UG,,,0.2,Correct,SC,CNPC,22,,
589,default,,2,Null,8,0,0,,,,,SC,5,CNPC,,,0.71,Correct,SC,CNPC,23,,
589,default,,2,Null,8,0,2,,,,,SC,113,FILL,,,0.24,Incorrect,SC,CNPC,24,,
587,default,b,,,practice,,,SC,,,0.03,,practice_good,,practice_good,0.68,,,,,0,1,
587,default,d,,,practice,,,SC,0,a,a,,practice_good,,practice_good,0,,,,,0,2,
587,default,,0,correct,1,0,0,,,,,SC,12,CNPC,,,0,Correct,SC,CNPC,1,,
587,default,,0,correct,1,1,0,,,,,SC,120,FILL,,,1,Correct,SC,CNPC,2,,
587,default,,2,Null,1,3,3,,,,,SC,128,UG,,,0,Don't know,SC,CNPC,3,,
587,default,,2,Null,2,0,0,,,,,SC,119,FILL,,,1,Correct,SC,CNPC,4,,
587,default,,2,Null,2,3,3,,,,,SC,127,UG,,,0.02,Don't know,SC,CNPC,5,,
587,default,,0,correct,2,3,3,,,,,SC,11,CNPC,,,1,Don't know,SC,CNPC,6,,
587,default,,2,Null,3,1,0,,,,,SC,118,FILL,,,0.7,Correct,SC,CNPC,7,,
587,default,,2,Null,3,0,0,,,,,SC,126,UG,,,0.07,Correct,SC,CNPC,8,,
587,default,,2,Null,3,0,0,,,,,SC,10,CNPC,,,0.88,Correct,SC,CNPC,9,,
587,default,,2,Null,4,3,3,,,,,SC,117,FILL,,,0.71,Don't know,SC,CNPC,10,,
587,default,,2,Null,4,1,0,,,,,SC,125,UG,,,0.12,Correct,SC,CNPC,11,,
587,default,,0,correct,4,3,3,,,,,SC,9,CNPC,,,0.57,Don't know,SC,CNPC,12,,
587,default,,2,Null,5,2,0,,,,,SC,116,FILL,,,1,Correct,SC,CNPC,13,,
587,default,,2,Null,5,0,1,,,,,SC,8,CNPC,,,1,Incorrect,SC,CNPC,14,,
587,default,,0,correct,5,3,3,,,,,SC,124,UG,,,0.53,Don't know,SC,CNPC,15,,
587,default,,2,Null,6,2,0,,,,,SC,123,UG,,,0.89,Correct,SC,CNPC,16,,
587,default,,2,Null,6,1,0,,,,,SC,115,FILL,,,1,Correct,SC,CNPC,17,,
587,default,,2,Null,6,0,0,,,,,SC,7,CNPC,,,0.74,Correct,SC,CNPC,18,,
587,default,,2,Null,7,2,0,,,,,SC,122,UG,,,0.64,Correct,SC,CNPC,19,,
587,default,,2,Null,7,3,3,,,,,SC,6,CNPC,,,1,Don't know,SC,CNPC,20,,
587,default,,2,Null,7,1,0,,,,,SC,114,FILL,,,1,Correct,SC,CNPC,21,,
587,default,,2,Null,8,2,0,,,,,SC,121,UG,,,0.3,Correct,SC,CNPC,22,,
587,default,,2,Null,8,0,0,,,,,SC,113,FILL,,,1,Correct,SC,CNPC,23,,
587,default,,0,correct,8,1,0,,,,,SC,5,CNPC,,,1,Correct,SC,CNPC,24,,
596,default,b,,,practice,,,NC,,,,,practice_good,,practice_good,0.95,,,,,0,0,
596,default,d,,,practice,,,NC,0,a,,,practice_good,,practice_good,0.05,,,,,0,0,
596,default,,2,Null,1,2,0,,,,,NC,120,FILL,,,0.74,Correct,NC,CNPC,1,,
596,default,,2,Null,1,3,3,,,,,NC,12,CNPC,,,0.39,Don't know,NC,CNPC,2,,
596,default,,2,Null,1,1,0,,,,,NC,128,UG,,,0.08,Correct,NC,CNPC,3,,
596,default,,1,correct,2,0,2,,,,,NC,119,FILL,,,0.72,Incorrect,NC,CNPC,4,,
596,default,,0,correct,2,2,0,,,,,NC,127,UG,,,0.43,Correct,NC,CNPC,5,,
596,default,,2,Null,2,0,0,,,,,NC,11,CNPC,,,0.55,Correct,NC,CNPC,6,,
596,default,,2,Null,3,3,3,,,,,NC,10,CNPC,,,0.41,Don't know,NC,CNPC,7,,
596,default,,2,Null,3,2,0,,,,,NC,118,FILL,,,0.62,Correct,NC,CNPC,8,,
596,default,,2,Null,3,1,0,,,,,NC,126,UG,,,0.31,Correct,NC,CNPC,9,,
596,default,,2,Null,4,2,0,,,,,NC,125,UG,,,0.24,Correct,NC,CNPC,10,,
596,default,,0,correct,4,0,1,,,,,NC,9,CNPC,,,0.39,Incorrect,NC,CNPC,11,,
596,default,,2,Null,4,3,3,,,,,NC,117,FILL,,,0.55,Don't know,NC,CNPC,12,,
596,default,,2,Null,5,1,0,,,,,NC,116,FILL,,,0.49,Correct,NC,CNPC,13,,
596,default,,0,correct,5,3,3,,,,,NC,8,CNPC,,,0.39,Don't know,NC,CNPC,14,,
596,default,,2,Null,5,1,0,,,,,NC,124,UG,,,0.18,Correct,NC,CNPC,15,,
596,default,,1,correct,6,0,0,,,,,NC,7,CNPC,,,0.51,Correct,NC,CNPC,16,,
596,default,,2,Null,6,2,0,,,,,NC,123,UG,,,0.39,Correct,NC,CNPC,17,,
596,default,,2,Null,6,0,0,,,,,NC,115,FILL,,,0.56,Correct,NC,CNPC,18,,
596,default,,2,Null,7,2,0,,,,,NC,122,UG,,,0.41,Correct,NC,CNPC,19,,
596,default,,2,Null,7,1,0,,,,,NC,114,FILL,,,0.68,Correct,NC,CNPC,20,,
596,default,,2,Null,7,1,0,,,,,NC,6,CNPC,,,0.69,Correct,NC,CNPC,21,,
596,default,,2,Null,8,1,0,,,,,NC,113,FILL,,,0.69,Correct,NC,CNPC,22,,
596,default,,2,Null,8,3,3,,,,,NC,5,CNPC,,,0.39,Don't know,NC,CNPC,23,,
596,default,,1,correct,8,3,3,,,,,NC,121,UG,,,0.32,Don't know,NC,CNPC,24,,
583,default,b,,,practice,,,NC,,,,,practice_good,,practice_good,1,,,,,0,0,
583,default,d,,,practice,,,NC,0,a,,,practice_good,,practice_good,0.02,,,,,0,0,
583,default,,2,Null,1,1,0,,,,,NC,120,FILL,,,0.96,Correct,NC,WH,1,,
583,default,,0,correct,1,0,1,,,,,NC,12,WH,,,0.16,Incorrect,NC,WH,2,,
583,default,,2,Null,1,3,3,,,,,NC,128,UG,,,0.02,Don't know,NC,WH,3,,
583,default,,2,Null,2,0,0,,,,,NC,127,UG,,,0,Correct,NC,WH,4,,
583,default,,2,Null,2,3,3,,,,,NC,11,WH,,,0.12,Don't know,NC,WH,5,,
583,default,,2,Null,2,2,0,,,,,NC,119,FILL,,,0.83,Correct,NC,WH,6,,
583,default,,1,correct,3,0,0,,,,,NC,126,UG,,,0.01,Correct,NC,WH,7,,
583,default,,2,Null,3,0,0,,,,,NC,10,WH,,,0.32,Correct,NC,WH,8,,
583,default,,2,Null,3,0,0,,,,,NC,118,FILL,,,0.63,Correct,NC,WH,9,,
583,default,,0,correct,4,1,0,,,,,NC,125,UG,,,0.03,Correct,NC,WH,10,,
583,default,,2,Null,4,0,0,,,,,NC,9,WH,,,0.54,Correct,NC,WH,11,,
583,default,,2,Null,4,3,3,,,,,NC,117,FILL,,,0.71,Don't know,NC,WH,12,,
583,default,,2,Null,5,2,0,,,,,NC,116,FILL,,,0.3,Correct,NC,WH,13,,
583,default,,0,correct,5,1,0,,,,,NC,8,WH,,,0.55,Correct,NC,WH,14,,
583,default,,2,Null,5,3,3,,,,,NC,124,UG,,,0.01,Don't know,NC,WH,15,,
583,default,,2,Null,6,1,0,,,,,NC,115,FILL,,,0.57,Correct,NC,WH,16,,
583,default,,2,Null,6,2,0,,,,,NC,7,WH,,,0.52,Correct,NC,WH,17,,
583,default,,2,Null,6,1,2,,,,,NC,123,UG,,,0,Incorrect,NC,WH,18,,
583,default,,2,Null,7,3,3,,,,,NC,6,WH,,,0.94,Don't know,NC,WH,19,,
583,default,,2,Null,7,2,0,,,,,NC,114,FILL,,,0.98,Correct,NC,WH,20,,
583,default,,1,correct,7,2,0,,,,,NC,122,UG,,,0.01,Correct,NC,WH,21,,
583,default,,2,Null,8,0,0,,,,,NC,113,FILL,,,0.81,Correct,NC,WH,22,,
583,default,,0,correct,8,2,0,,,,,NC,5,WH,,,0.96,Correct,NC,WH,23,,
583,default,,2,Null,8,1,0,,,,,NC,121,UG,,,0.01,Correct,NC,WH,24,,
588,default,b,,,practice,,,NC,,,,,practice_good,,practice_good,1,,,,,0,0,
588,default,d,,,practice,,,NC,0,a,,,practice_good,,practice_good,0,,,,,0,0,
588,default,,2,Null,1,3,3,,,,,NC,128,UG,,,0,Don't know,NC,WH,1,,
588,default,,2,Null,1,1,0,,,,,NC,120,FILL,,,1,Correct,NC,WH,2,,
588,default,,2,Null,1,1,1,,,,,NC,12,WH,,,0.43,Incorrect,NC,WH,3,,
588,default,,2,Null,2,2,0,,,,,NC,11,WH,,,0.57,Correct,NC,WH,4,,
588,default,,2,Null,2,0,0,,,,,NC,127,UG,,,0,Correct,NC,WH,5,,
588,default,,2,Null,2,1,0,,,,,NC,119,FILL,,,1,Correct,NC,WH,6,,
588,default,,0,correct,3,2,0,,,,,NC,10,WH,,,1,Correct,NC,WH,7,,
588,default,,0,correct,3,0,0,,,,,NC,118,FILL,,,1,Correct,NC,WH,8,,
588,default,,2,Null,3,3,3,,,,,NC,126,UG,,,0,Don't know,NC,WH,9,,
588,default,,2,Null,4,3,3,,,,,NC,125,UG,,,0,Don't know,NC,WH,10,,
588,default,,2,Null,4,1,0,,,,,NC,9,WH,,,0.85,Correct,NC,WH,11,,
588,default,,1,correct,4,1,0,,,,,NC,117,FILL,,,1,Correct,NC,WH,12,,
588,default,,2,Null,5,0,0,,,,,NC,8,WH,,,1,Correct,NC,WH,13,,
588,default,,1,correct,5,2,0,,,,,NC,116,FILL,,,1,Correct,NC,WH,14,,
588,default,,2,Null,5,3,3,,,,,NC,124,UG,,,0,Don't know,NC,WH,15,,
588,default,,2,Null,6,0,0,,,,,NC,115,FILL,,,1,Correct,NC,WH,16,,
588,default,,1,correct,6,2,0,,,,,NC,7,WH,,,0.96,Correct,NC,WH,17,,
588,default,,2,Null,6,3,3,,,,,NC,123,UG,,,0,Don't know,NC,WH,18,,
588,default,,2,Null,7,0,0,,,,,NC,114,FILL,,,1,Correct,NC,WH,19,,
588,default,,2,Null,7,3,3,,,,,NC,122,UG,,,0,Don't know,NC,WH,20,,
588,default,,1,correct,7,3,3,,,,,NC,6,WH,,,0.9,Don't know,NC,WH,21,,
588,default,,2,Null,8,2,0,,,,,NC,5,WH,,,1,Correct,NC,WH,22,,
588,default,,2,Null,8,1,0,,,,,NC,113,FILL,,,0.96,Correct,NC,WH,23,,
588,default,,2,Null,8,3,3,,,,,NC,121,UG,,,0,Don't know,NC,WH,24,,
621,default,b,,,practice,,,NC,,,,,practice_good,,practice_good,0.8,,,,,0,0,
621,default,d,,,practice,,,NC,0,a,b,,practice_good,,practice_good,0.2,,,,,0,7,
621,default,,0,correct,1,1,0,,,,,NC,128,UG,,,0.2,Correct,NC,CNPC,1,,
621,default,,0,correct,1,1,0,,,,,NC,12,CNPC,,,0.67,Correct,NC,CNPC,2,,
621,default,,2,Null,1,2,0,,,,,NC,120,FILL,,,0.86,Correct,NC,CNPC,3,,
621,default,,1,incorrect,2,2,2,,,,,NC,11,CNPC,,,0.84,Incorrect,NC,CNPC,4,,
621,default,,0,correct,2,2,0,,,,,NC,127,UG,,,0.39,Correct,NC,CNPC,5,,
621,default,,2,Null,2,0,1,,,,,NC,119,FILL,,,0.88,Incorrect,NC,CNPC,6,,
621,default,,2,Null,3,1,0,,,,,NC,126,UG,,,0.28,Correct,NC,CNPC,7,,
621,default,,2,Null,3,2,0,,,,,NC,10,CNPC,,,0.57,Correct,NC,CNPC,8,,
621,default,,2,Null,3,0,0,,,,,NC,118,FILL,,,1,Correct,NC,CNPC,9,,
621,default,,2,Null,4,1,2,,,,,NC,9,CNPC,,,0.75,Incorrect,NC,CNPC,10,,
621,default,,2,Null,4,2,0,,,,,NC,117,FILL,,,0.97,Correct,NC,CNPC,11,,
621,default,,1,incorrect,4,0,0,,,,,NC,125,UG,,,0.87,Correct,NC,CNPC,12,,
621,default,,2,Null,5,1,2,,,,,NC,124,UG,,,0.23,Incorrect,NC,CNPC,13,,
621,default,,2,Null,5,1,1,,,,,NC,8,CNPC,,,0.8,Incorrect,NC,CNPC,14,,
621,default,,2,Null,5,2,0,,,,,NC,116,FILL,,,0.76,Correct,NC,CNPC,15,,
621,default,,2,Null,6,0,1,,,,,NC,7,CNPC,,,0.67,Incorrect,NC,CNPC,16,,
621,default,,2,Null,6,0,1,,,,,NC,123,UG,,,0.72,Incorrect,NC,CNPC,17,,
621,default,,2,Null,6,1,0,,,,,NC,115,FILL,,,0.7,Correct,NC,CNPC,18,,
621,default,,2,Null,7,0,0,,,,,NC,114,FILL,,,0.76,Correct,NC,CNPC,19,,
621,default,,1,correct,7,2,0,,,,,NC,122,UG,,,0.27,Correct,NC,CNPC,20,,
621,default,,2,Null,7,0,0,,,,,NC,6,CNPC,,,0.72,Correct,NC,CNPC,21,,
621,default,,2,Null,8,0,0,,,,,NC,5,CNPC,,,0.42,Correct,NC,CNPC,22,,
621,default,,2,Null,8,1,0,,,,,NC,113,FILL,,,0.9,Correct,NC,CNPC,23,,
621,default,,2,Null,8,2,0,,,,,NC,121,UG,,,0.4,Correct,NC,CNPC,24,,
629,default,b,,,practice,,,NC,,,,,practice_good,,practice_good,1,,,,,0,0,
629,default,d,,,practice,,,NC,0,a,,,practice_good,,practice_good,0,,,,,0,0,
629,default,,2,Null,1,3,3,,,,,NC,128,UG,,,0,Don't know,NC,WH,1,,
629,default,,2,Null,1,1,0,,,,,NC,120,FILL,,,0.23,Correct,NC,WH,2,,
629,default,,2,Null,1,1,1,,,,,NC,12,WH,,,0,Incorrect,NC,WH,3,,
629,default,,0,correct,2,3,3,,,,,NC,127,UG,,,0,Don't know,NC,WH,4,,
629,default,,2,Null,2,0,0,,,,,NC,119,FILL,,,1,Correct,NC,WH,5,,
629,default,,0,correct,2,1,0,,,,,NC,11,WH,,,0.43,Correct,NC,WH,6,,
629,default,,2,Null,3,1,0,,,,,NC,126,UG,,,0.02,Correct,NC,WH,7,,
629,default,,2,Null,3,3,3,,,,,NC,10,WH,,,0.02,Don't know,NC,WH,8,,
629,default,,2,Null,3,0,0,,,,,NC,118,FILL,,,0.99,Correct,NC,WH,9,,
629,default,,2,Null,4,0,1,,,,,NC,9,WH,,,0.27,Incorrect,NC,WH,10,,
629,default,,2,Null,4,2,0,,,,,NC,117,FILL,,,0.01,Correct,NC,WH,11,,
629,default,,0,correct,4,0,0,,,,,NC,125,UG,,,0,Correct,NC,WH,12,,
629,default,,2,Null,5,1,0,,,,,NC,116,FILL,,,0.13,Correct,NC,WH,13,,
629,default,,2,Null,5,1,0,,,,,NC,8,WH,,,0.75,Correct,NC,WH,14,,
629,default,,2,Null,5,3,3,,,,,NC,124,UG,,,0.01,Don't know,NC,WH,15,,
629,default,,0,correct,6,3,3,,,,,NC,123,UG,,,0,Don't know,NC,WH,16,,
629,default,,2,Null,6,2,0,,,,,NC,7,WH,,,0.46,Correct,NC,WH,17,,
629,default,,2,Null,6,1,0,,,,,NC,115,FILL,,,0.97,Correct,NC,WH,18,,
629,default,,1,correct,7,1,0,,,,,NC,114,FILL,,,0.98,Correct,NC,WH,19,,
629,default,,2,Null,7,2,0,,,,,NC,6,WH,,,0.74,Correct,NC,WH,20,,
629,default,,1,correct,7,3,3,,,,,NC,122,UG,,,0,Don't know,NC,WH,21,,
629,default,,2,Null,8,2,0,,,,,NC,113,FILL,,,0.64,Correct,NC,WH,22,,
629,default,,2,Null,8,3,3,,,,,NC,121,UG,,,0,Don't know,NC,WH,23,,
629,default,,2,Null,8,1,0,,,,,NC,5,WH,,,0.95,Correct,NC,WH,24,,
585,default,b,,,practice,,,NC,,,,,practice_good,,practice_good,0.92,,,,,0,0,
585,default,d,,,practice,,,NC,0,a,a,,practice_good,,practice_good,0,,,,,0,1,
585,default,,0,correct,1,2,0,,,,,NC,120,FILL,,,0.97,Correct,NC,WH,1,,
585,default,,2,Null,1,1,0,,,,,NC,12,WH,,,0.16,Correct,NC,WH,2,,
585,default,,2,Null,1,3,3,,,,,NC,128,UG,,,0,Don't know,NC,WH,3,,
585,default,,0,correct,2,2,0,,,,,NC,127,UG,,,0,Correct,NC,WH,4,,
585,default,,2,Null,2,2,2,,,,,NC,11,WH,,,0.55,Incorrect,NC,WH,5,,
585,default,,1,correct,2,0,0,,,,,NC,119,FILL,,,0.77,Correct,NC,WH,6,,
585,default,,2,Null,3,2,0,,,,,NC,118,FILL,,,0.95,Correct,NC,WH,7,,
585,default,,1,correct,3,3,3,,,,,NC,126,UG,,,0,Don't know,NC,WH,8,,
585,default,,2,Null,3,0,0,,,,,NC,10,WH,,,0.44,Correct,NC,WH,9,,
585,default,,0,correct,4,2,0,,,,,NC,125,UG,,,0,Correct,NC,WH,10,,
585,default,,2,Null,4,0,0,,,,,NC,117,FILL,,,0.96,Correct,NC,WH,11,,
585,default,,2,Null,4,2,2,,,,,NC,9,WH,,,0.62,Incorrect,NC,WH,12,,
585,default,,2,Null,5,2,0,,,,,NC,116,FILL,,,0.77,Correct,NC,WH,13,,
585,default,,2,Null,5,3,3,,,,,NC,124,UG,,,0,Don't know,NC,WH,14,,
585,default,,2,Null,5,0,2,,,,,NC,8,WH,,,0.86,Incorrect,NC,WH,15,,
585,default,,2,Null,6,3,3,,,,,NC,123,UG,,,0,Don't know,NC,WH,16,,
585,default,,2,Null,6,2,1,,,,,NC,7,WH,,,0.33,Incorrect,NC,WH,17,,
585,default,,2,Null,6,0,0,,,,,NC,115,FILL,,,1,Correct,NC,WH,18,,
585,default,,2,Null,7,2,0,,,,,NC,6,WH,,,0.67,Correct,NC,WH,19,,
585,default,,2,Null,7,1,0,,,,,NC,122,UG,,,0,Correct,NC,WH,20,,
585,default,,2,Null,7,0,0,,,,,NC,114,FILL,,,0.97,Correct,NC,WH,21,,
585,default,,2,Null,8,1,0,,,,,NC,113,FILL,,,1,Correct,NC,WH,22,,
585,default,,2,Null,8,3,3,,,,,NC,121,UG,,,0,Don't know,NC,WH,23,,
585,default,,0,correct,8,0,0,,,,,NC,5,WH,,,0.85,Correct,NC,WH,24,,
586,default,b,,,practice,,,SC,,,,,practice_good,,practice_good,0.53,,,,,0,0,
586,default,d,,,practice,,,SC,0,a,c,,practice_good,,practice_good,0.01,,,,,0,3,
586,default,,2,Null,1,3,3,,,,,SC,128,UG,,,0.01,Don't know,SC,WH,1,,
586,default,,2,Null,1,2,0,,,,,SC,120,FILL,,,0.82,Correct,SC,WH,2,,
586,default,,2,Null,1,1,0,,,,,SC,12,WH,,,0.46,Correct,SC,WH,3,,
586,default,,2,Null,2,1,0,,,,,SC,11,WH,,,0.42,Correct,SC,WH,4,,
586,default,,2,Null,2,1,0,,,,,SC,119,FILL,,,0.95,Correct,SC,WH,5,,
586,default,,0,correct,2,3,3,,,,,SC,127,UG,,,0.01,Don't know,SC,WH,6,,
586,default,,2,Null,3,1,0,,,,,SC,10,WH,,,0.81,Correct,SC,WH,7,,
586,default,,1,correct,3,2,0,,,,,SC,126,UG,,,0.05,Correct,SC,WH,8,,
586,default,,2,Null,3,0,0,,,,,SC,118,FILL,,,0.97,Correct,SC,WH,9,,
586,default,,1,correct,4,2,0,,,,,SC,117,FILL,,,0.94,Correct,SC,WH,10,,
586,default,,0,correct,4,1,0,,,,,SC,125,UG,,,0.02,Correct,SC,WH,11,,
586,default,,0,correct,4,0,0,,,,,SC,9,WH,,,0.93,Correct,SC,WH,12,,
586,default,,2,Null,5,1,0,,,,,SC,8,WH,,,0.99,Correct,SC,WH,13,,
586,default,,0,correct,5,3,3,,,,,SC,124,UG,,,0.06,Don't know,SC,WH,14,,
586,default,,2,Null,5,1,0,,,,,SC,116,FILL,,,0.95,Correct,SC,WH,15,,
586,default,,2,Null,6,0,1,,,,,SC,7,WH,,,0.99,Incorrect,SC,WH,16,,
586,default,,2,Null,6,3,3,,,,,SC,123,UG,,,0.01,Don't know,SC,WH,17,,
586,default,,2,Null,6,1,0,,,,,SC,115,FILL,,,0.98,Correct,SC,WH,18,,
586,default,,2,Null,7,2,0,,,,,SC,114,FILL,,,0.48,Correct,SC,WH,19,,
586,default,,2,Null,7,1,0,,,,,SC,6,WH,,,0.89,Correct,SC,WH,20,,
586,default,,2,Null,7,0,0,,,,,SC,122,UG,,,0.12,Correct,SC,WH,21,,
586,default,,2,Null,8,0,0,,,,,SC,121,UG,,,0.04,Correct,SC,WH,22,,
586,default,,2,Null,8,0,0,,,,,SC,113,FILL,,,0.99,Correct,SC,WH,23,,
586,default,,2,Null,8,2,0,,,,,SC,5,WH,,,0.61,Correct,SC,WH,24,,
570,default,b,,,practice,,,SC,,,a,,practice_good,,practice_good,0.87,,,,,0,2,
570,default,d,,,practice,,,SC,0,a,c,,practice_good,,practice_good,0.21,,,,,0,3,
570,default,,2,Null,1,1,0,,,,,SC,120,FILL,,,0.47,Correct,SC,WH,1,,
570,default,,0,correct,1,2,0,,,,,SC,12,WH,,,0.68,Correct,SC,WH,2,,
570,default,,2,Null,1,2,0,,,,,SC,128,UG,,,0.13,Correct,SC,WH,3,,
570,default,,2,Null,2,0,0,,,,,SC,119,FILL,,,0.87,Correct,SC,WH,4,,
570,default,,2,Null,2,1,0,,,,,SC,11,WH,,,0.45,Correct,SC,WH,5,,
570,default,,2,Null,2,3,3,,,,,SC,127,UG,,,0.08,Don't know,SC,WH,6,,
570,default,,2,Null,3,0,1,,,,,SC,10,WH,,,0.48,Incorrect,SC,WH,7,,
570,default,,2,Null,3,0,0,,,,,SC,118,FILL,,,0.58,Correct,SC,WH,8,,
570,default,,2,Null,3,2,0,,,,,SC,126,UG,,,0.28,Correct,SC,WH,9,,
570,default,,0,correct,4,3,3,,,,,SC,125,UG,,,0.48,Don't know,SC,WH,10,,
570,default,,2,Null,4,0,0,,,,,SC,9,WH,,,0.63,Correct,SC,WH,11,,
570,default,,2,Null,4,0,0,,,,,SC,117,FILL,,,0.46,Correct,SC,WH,12,,
570,default,,2,Null,5,2,2,,,,,SC,124,UG,,,0.29,Incorrect,SC,WH,13,,
570,default,,2,Null,5,1,0,,,,,SC,116,FILL,,,0.86,Correct,SC,WH,14,,
570,default,,0,correct,5,1,2,,,,,SC,8,WH,,,0.63,Incorrect,SC,WH,15,,
570,default,,0,correct,6,3,3,,,,,SC,123,UG,,,0.37,Don't know,SC,WH,16,,
570,default,,1,correct,6,2,0,,,,,SC,7,WH,,,0.9,Correct,SC,WH,17,,
570,default,,1,incorrect,6,0,0,,,,,SC,115,FILL,,,0.91,Correct,SC,WH,18,,
570,default,,2,Null,7,1,0,,,,,SC,122,UG,,,0.33,Correct,SC,WH,19,,
570,default,,2,Null,7,3,3,,,,,SC,6,WH,,,0.84,Don't know,SC,WH,20,,
570,default,,2,Null,7,1,0,,,,,SC,114,FILL,,,0.44,Correct,SC,WH,21,,
570,default,,2,Null,8,3,3,,,,,SC,121,UG,,,0.23,Don't know,SC,WH,22,,
570,default,,2,Null,8,0,0,,,,,SC,5,WH,,,0.93,Correct,SC,WH,23,,
570,default,,2,Null,8,0,0,,,,,SC,113,FILL,,,0.86,Correct,SC,WH,24,,
584,default,b,,,practice,,,NC,,,,,practice_good,,practice_good,1,,,,,0,0,
584,default,d,,,practice,,,NC,0,a,b,,practice_good,,practice_good,0,,,,,0,4,
584,default,,0,correct,1,1,0,,,,,NC,120,FILL,,,0.7,Correct,NC,WH,1,,
584,default,,0,correct,1,3,3,,,,,NC,128,UG,,,0,Don't know,NC,WH,2,,
584,default,,0,correct,1,1,1,,,,,NC,12,WH,,,0.21,Incorrect,NC,WH,3,,
584,default,,2,Null,2,0,0,,,,,NC,119,FILL,,,0.75,Correct,NC,WH,4,,
584,default,,2,Null,2,2,2,,,,,NC,11,WH,,,0.29,Incorrect,NC,WH,5,,
584,default,,2,Null,2,3,3,,,,,NC,127,UG,,,0,Don't know,NC,WH,6,,
584,default,,2,Null,3,1,0,,,,,NC,118,FILL,,,0.79,Correct,NC,WH,7,,
584,default,,2,Null,3,1,0,,,,,NC,126,UG,,,0,Correct,NC,WH,8,,
584,default,,2,Null,3,1,1,,,,,NC,10,WH,,,0.99,Incorrect,NC,WH,9,,
584,default,,2,Null,4,0,0,,,,,NC,117,FILL,,,0.99,Correct,NC,WH,10,,
584,default,,2,Null,4,2,1,,,,,NC,9,WH,,,0.81,Incorrect,NC,WH,11,,
584,default,,2,Null,4,3,3,,,,,NC,125,UG,,,0,Don't know,NC,WH,12,,
584,default,,2,Null,5,1,0,,,,,NC,116,FILL,,,0.98,Correct,NC,WH,13,,
584,default,,2,Null,5,1,0,,,,,NC,8,WH,,,0.98,Correct,NC,WH,14,,
584,default,,2,Null,5,3,3,,,,,NC,124,UG,,,0,Don't know,NC,WH,15,,
584,default,,2,Null,6,1,0,,,,,NC,123,UG,,,0,Correct,NC,WH,16,,
584,default,,0,incorrect,6,0,1,,,,,NC,7,WH,,,1,Incorrect,NC,WH,17,,
584,default,,0,correct,6,0,0,,,,,NC,115,FILL,,,1,Correct,NC,WH,18,,
584,default,,1,correct,7,3,3,,,,,NC,122,UG,,,0,Don't know,NC,WH,19,,
584,default,,2,Null,7,3,3,,,,,NC,6,WH,,,1,Don't know,NC,WH,20,,
584,default,,2,Null,7,0,0,,,,,NC,114,FILL,,,1,Correct,NC,WH,21,,
584,default,,2,Null,8,1,0,,,,,NC,113,FILL,,,0.83,Correct,NC,WH,22,,
584,default,,2,Null,8,2,0,,,,,NC,121,UG,,,0,Correct,NC,WH,23,,
584,default,,2,Null,8,2,0,,,,,NC,5,WH,,,1,Correct,NC,WH,24,,
580,default,b,,,practice,,,NC,,,,,practice_good,,practice_good,0.95,,,,,0,0,
580,default,d,,,practice,,,NC,0,a,a,,practice_good,,practice_good,0.02,,,,,0,4,
580,default,,2,Null,1,1,0,,,,,NC,120,FILL,,,0.88,Correct,NC,WH,1,,
580,default,,2,Null,1,3,3,,,,,NC,12,WH,,,0.93,Don't know,NC,WH,2,,
580,default,,0,correct,1,2,0,,,,,NC,128,UG,,,0.02,Correct,NC,WH,3,,
580,default,,2,Null,2,2,0,,,,,NC,127,UG,,,0.94,Correct,NC,WH,4,,
580,default,,2,Null,2,1,0,,,,,NC,119,FILL,,,0.87,Correct,NC,WH,5,,
580,default,,2,Null,2,2,2,,,,,NC,11,WH,,,0.94,Incorrect,NC,WH,6,,
580,default,,2,Null,3,3,3,,,,,NC,126,UG,,,0.73,Don't know,NC,WH,7,,
580,default,,2,Null,3,3,3,,,,,NC,10,WH,,,0.96,Don't know,NC,WH,8,,
580,default,,2,Null,3,0,0,,,,,NC,118,FILL,,,0.83,Correct,NC,WH,9,,
580,default,,2,Null,4,3,3,,,,,NC,9,WH,,,0.92,Don't know,NC,WH,10,,
580,default,,2,Null,4,3,3,,,,,NC,125,UG,,,0.18,Don't know,NC,WH,11,,
580,default,,2,Null,4,0,0,,,,,NC,117,FILL,,,0.96,Correct,NC,WH,12,,
580,default,,2,Null,5,0,0,,,,,NC,116,FILL,,,0.97,Correct,NC,WH,13,,
580,default,,2,Null,5,1,2,,,,,NC,8,WH,,,0.92,Incorrect,NC,WH,14,,
580,default,,0,correct,5,3,3,,,,,NC,124,UG,,,0.14,Don't know,NC,WH,15,,
580,default,,1,correct,6,1,0,,,,,NC,7,WH,,,0.76,Correct,NC,WH,16,,
580,default,,2,Null,6,1,1,,,,,NC,115,FILL,,,0.95,Incorrect,NC,WH,17,,
580,default,,2,Null,6,3,3,,,,,NC,123,UG,,,0.04,Don't know,NC,WH,18,,
580,default,,2,Null,7,2,1,,,,,NC,6,WH,,,0.96,Incorrect,NC,WH,19,,
580,default,,2,Null,7,2,0,,,,,NC,114,FILL,,,0.97,Correct,NC,WH,20,,
580,default,,1,correct,7,1,0,,,,,NC,122,UG,,,0.06,Correct,NC,WH,21,,
580,default,,2,Null,8,1,0,,,,,NC,5,WH,,,0.96,Correct,NC,WH,22,,
580,default,,1,correct,8,1,0,,,,,NC,121,UG,,,0.07,Correct,NC,WH,23,,
580,default,,0,correct,8,2,0,,,,,NC,113,FILL,,,0.94,Correct,NC,WH,24,,
572,default,b,,,practice,,,SC,,,,,practice_good,,practice_good,0.86,,,,,0,0,
572,default,d,,,practice,,,SC,0,a,,,practice_good,,practice_good,0,,,,,0,0,
572,default,,0,correct,1,3,3,,,,,SC,128,UG,,,0,Don't know,SC,CNPC,1,,
572,default,,2,Null,1,2,0,,,,,SC,120,FILL,,,0.91,Correct,SC,CNPC,2,,
572,default,,0,correct,1,2,0,,,,,SC,12,CNPC,,,0.33,Correct,SC,CNPC,3,,
572,default,,2,Null,2,1,0,,,,,SC,11,CNPC,,,0.39,Correct,SC,CNPC,4,,
572,default,,2,Null,2,0,0,,,,,SC,127,UG,,,0,Correct,SC,CNPC,5,,
572,default,,2,Null,2,2,0,,,,,SC,119,FILL,,,0.85,Correct,SC,CNPC,6,,
572,default,,2,Null,3,1,0,,,,,SC,118,FILL,,,0.94,Correct,SC,CNPC,7,,
572,default,,2,Null,3,1,0,,,,,SC,126,UG,,,0.04,Correct,SC,CNPC,8,,
572,default,,2,Null,3,0,0,,,,,SC,10,CNPC,,,0.28,Correct,SC,CNPC,9,,
572,default,,0,correct,4,3,3,,,,,SC,125,UG,,,0,Don't know,SC,CNPC,10,,
572,default,,2,Null,4,2,0,,,,,SC,117,FILL,,,0.66,Correct,SC,CNPC,11,,
572,default,,0,correct,4,1,0,,,,,SC,9,CNPC,,,0.6,Correct,SC,CNPC,12,,
572,default,,2,Null,5,3,3,,,,,SC,124,UG,,,0,Don't know,SC,CNPC,13,,
572,default,,2,Null,5,1,1,,,,,SC,8,CNPC,,,0.82,Incorrect,SC,CNPC,14,,
572,default,,2,Null,5,2,0,,,,,SC,116,FILL,,,0.92,Correct,SC,CNPC,15,,
572,default,,2,Null,6,2,0,,,,,SC,115,FILL,,,0.97,Correct,SC,CNPC,16,,
572,default,,2,Null,6,1,0,,,,,SC,7,CNPC,,,0.89,Correct,SC,CNPC,17,,
572,default,,2,Null,6,3,3,,,,,SC,123,UG,,,0,Don't know,SC,CNPC,18,,
572,default,,2,Null,7,0,0,,,,,SC,114,FILL,,,0.97,Correct,SC,CNPC,19,,
572,default,,2,Null,7,0,0,,,,,SC,122,UG,,,0,Correct,SC,CNPC,20,,
572,default,,2,Null,7,3,3,,,,,SC,6,CNPC,,,0.4,Don't know,SC,CNPC,21,,
572,default,,2,Null,8,0,0,,,,,SC,5,CNPC,,,0.96,Correct,SC,CNPC,22,,
572,default,,0,correct,8,2,0,,,,,SC,113,FILL,,,0.66,Correct,SC,CNPC,23,,
572,default,,1,correct,8,3,3,,,,,SC,121,UG,,,0.2,Don't know,SC,CNPC,24,,
617,default,b,,,practice,,,NC,,,,,practice_good,,practice_good,0.55,,,,,0,0,
617,default,d,,,practice,,,NC,0,a,a,,practice_good,,practice_good,0.25,,,,,0,5,
617,default,,2,Null,1,3,3,,,,,NC,128,UG,,,0.35,Don't know,NC,CNPC,1,,
617,default,,2,Null,1,2,0,,,,,NC,12,CNPC,,,0.77,Correct,NC,CNPC,2,,
617,default,,2,Null,1,2,0,,,,,NC,120,FILL,,,0.78,Correct,NC,CNPC,3,,
617,default,,2,Null,2,2,0,,,,,NC,119,FILL,,,0.63,Correct,NC,CNPC,4,,
617,default,,0,correct,2,3,3,,,,,NC,127,UG,,,0.25,Don't know,NC,CNPC,5,,
617,default,,2,Null,2,1,2,,,,,NC,11,CNPC,,,0.82,Incorrect,NC,CNPC,6,,
617,default,,1,correct,3,3,3,,,,,NC,126,UG,,,0.2,Don't know,NC,CNPC,7,,
617,default,,2,Null,3,1,0,,,,,NC,118,FILL,,,0.64,Correct,NC,CNPC,8,,
617,default,,2,Null,3,0,0,,,,,NC,10,CNPC,,,0.75,Correct,NC,CNPC,9,,
617,default,,2,Null,4,1,0,,,,,NC,117,FILL,,,0.65,Correct,NC,CNPC,10,,
617,default,,2,Null,4,3,3,,,,,NC,125,UG,,,0.22,Don't know,NC,CNPC,11,,
617,default,,2,Null,4,0,1,,,,,NC,9,CNPC,,,0.49,Incorrect,NC,CNPC,12,,
617,default,,0,correct,5,3,3,,,,,NC,124,UG,,,0.23,Don't know,NC,CNPC,13,,
617,default,,2,Null,5,1,1,,,,,NC,8,CNPC,,,0.53,Incorrect,NC,CNPC,14,,
617,default,,1,correct,5,2,0,,,,,NC,116,FILL,,,0.7,Correct,NC,CNPC,15,,
617,default,,2,Null,6,2,0,,,,,NC,7,CNPC,,,0.5,Correct,NC,CNPC,16,,
617,default,,2,Null,6,3,3,,,,,NC,123,UG,,,0.24,Don't know,NC,CNPC,17,,
617,default,,2,Null,6,0,0,,,,,NC,115,FILL,,,0.65,Correct,NC,CNPC,18,,
617,default,,1,correct,7,0,0,,,,,NC,114,FILL,,,0.71,Correct,NC,CNPC,19,,
617,default,,2,Null,7,3,3,,,,,NC,122,UG,,,0.31,Don't know,NC,CNPC,20,,
617,default,,2,Null,7,2,0,,,,,NC,6,CNPC,,,0.71,Correct,NC,CNPC,21,,
617,default,,2,Null,8,2,2,,,,,NC,113,FILL,,,0.77,Incorrect,NC,CNPC,22,,
617,default,,0,correct,8,1,0,,,,,NC,5,CNPC,,,0.69,Correct,NC,CNPC,23,,
617,default,,2,Null,8,2,0,,,,,NC,121,UG,,,0.77,Correct,NC,CNPC,24,,
574,default,b,,,practice,,,SC,,,a,,practice_good,,practice_good,0.55,,,,,0,1,
574,default,d,,,practice,,,SC,0,a,c,,practice_good,,practice_good,0,,,,,0,3,
574,default,,2,Null,1,0,0,,,,,SC,128,UG,,,0,Correct,SC,WH,1,,
574,default,,0,correct,1,0,0,,,,,SC,120,FILL,,,1,Correct,SC,WH,2,,
574,default,,2,Null,1,1,0,,,,,SC,12,WH,,,0.07,Correct,SC,WH,3,,
574,default,,2,Null,2,0,1,,,,,SC,127,UG,,,0.05,Incorrect,SC,WH,4,,
574,default,,2,Null,2,2,0,,,,,SC,11,WH,,,0.19,Correct,SC,WH,5,,
574,default,,1,correct,2,2,0,,,,,SC,119,FILL,,,0.53,Correct,SC,WH,6,,
574,default,,2,Null,3,1,0,,,,,SC,126,UG,,,0,Correct,SC,WH,7,,
574,default,,2,Null,3,1,1,,,,,SC,10,WH,,,0.79,Incorrect,SC,WH,8,,
574,default,,2,Null,3,2,0,,,,,SC,118,FILL,,,1,Correct,SC,WH,9,,
574,default,,2,Null,4,1,1,,,,,SC,117,FILL,,,0.93,Incorrect,SC,WH,10,,
574,default,,2,Null,4,1,0,,,,,SC,125,UG,,,0.05,Correct,SC,WH,11,,
574,default,,2,Null,4,2,2,,,,,SC,9,WH,,,0.17,Incorrect,SC,WH,12,,
574,default,,2,Null,5,1,1,,,,,SC,8,WH,,,0.91,Incorrect,SC,WH,13,,
574,default,,2,Null,5,0,0,,,,,SC,116,FILL,,,0.48,Correct,SC,WH,14,,
574,default,,2,Null,5,0,2,,,,,SC,124,UG,,,0.01,Incorrect,SC,WH,15,,
574,default,,2,Null,6,2,2,,,,,SC,123,UG,,,0,Incorrect,SC,WH,16,,
574,default,,2,Null,6,0,1,,,,,SC,7,WH,,,0.8,Incorrect,SC,WH,17,,
574,default,,1,incorrect,6,2,0,,,,,SC,115,FILL,,,0.11,Correct,SC,WH,18,,
574,default,,2,Null,7,2,0,,,,,SC,122,UG,,,0,Correct,SC,WH,19,,
574,default,,1,correct,7,0,0,,,,,SC,114,FILL,,,0.83,Correct,SC,WH,20,,
574,default,,0,incorrect,7,0,0,,,,,SC,6,WH,,,0.55,Correct,SC,WH,21,,
574,default,,0,correct,8,0,0,,,,,SC,5,WH,,,0.62,Correct,SC,WH,22,,
574,default,,2,Null,8,2,0,,,,,SC,113,FILL,,,0.99,Correct,SC,WH,23,,
574,default,,2,Null,8,0,0,,,,,SC,121,UG,,,0,Correct,SC,WH,24,,
620,default,b,,,practice,,,NC,,,,,practice_good,,practice_good,0.82,,,,,0,0,
620,default,d,,,practice,,,NC,0,a,,,practice_good,,practice_good,0,,,,,0,0,
620,default,,0,correct,1,2,1,,,,,NC,12,WH,,,0.25,Incorrect,NC,WH,1,,
620,default,,2,Null,1,1,0,,,,,NC,120,FILL,,,1,Correct,NC,WH,2,,
620,default,,2,Null,1,3,3,,,,,NC,128,UG,,,0.01,Don't know,NC,WH,3,,
620,default,,2,Null,2,2,2,,,,,NC,11,WH,,,0.35,Incorrect,NC,WH,4,,
620,default,,2,Null,2,1,1,,,,,NC,119,FILL,,,0.67,Incorrect,NC,WH,5,,
620,default,,2,Null,2,3,3,,,,,NC,127,UG,,,0.01,Don't know,NC,WH,6,,
620,default,,2,Null,3,2,0,,,,,NC,126,UG,,,0,Correct,NC,WH,7,,
620,default,,0,correct,3,2,0,,,,,NC,118,FILL,,,0.97,Correct,NC,WH,8,,
620,default,,2,Null,3,1,0,,,,,NC,10,WH,,,0.76,Correct,NC,WH,9,,
620,default,,2,Null,4,1,2,,,,,NC,9,WH,,,0.63,Incorrect,NC,WH,10,,
620,default,,0,correct,4,3,3,,,,,NC,125,UG,,,0.01,Don't know,NC,WH,11,,
620,default,,1,correct,4,1,0,,,,,NC,117,FILL,,,0.99,Correct,NC,WH,12,,
620,default,,1,correct,5,2,0,,,,,NC,116,FILL,,,0.65,Correct,NC,WH,13,,
620,default,,2,Null,5,2,0,,,,,NC,8,WH,,,0.86,Correct,NC,WH,14,,
620,default,,2,Null,5,3,3,,,,,NC,124,UG,,,0.01,Don't know,NC,WH,15,,
620,default,,2,Null,6,0,0,,,,,NC,123,UG,,,0.14,Correct,NC,WH,16,,
620,default,,2,Null,6,0,0,,,,,NC,115,FILL,,,0.97,Correct,NC,WH,17,,
620,default,,2,Null,6,2,0,,,,,NC,7,WH,,,0.78,Correct,NC,WH,18,,
620,default,,2,Null,7,2,0,,,,,NC,122,UG,,,0.25,Correct,NC,WH,19,,
620,default,,1,correct,7,1,0,,,,,NC,6,WH,,,0.98,Correct,NC,WH,20,,
620,default,,2,Null,7,2,0,,,,,NC,114,FILL,,,0.75,Correct,NC,WH,21,,
620,default,,2,Null,8,0,0,,,,,NC,113,FILL,,,0.99,Correct,NC,WH,22,,
620,default,,2,Null,8,3,3,,,,,NC,121,UG,,,0.02,Don't know,NC,WH,23,,
620,default,,2,Null,8,2,0,,,,,NC,5,WH,,,0.97,Correct,NC,WH,24,,
614,default,b,,,practice,,,SC,,,,,practice_good,,practice_good,0.88,,,,,0,0,
614,default,d,,,practice,,,SC,0,a,b,,practice_good,,practice_good,0.14,,,,,0,2,
614,default,,0,correct,1,3,3,,,,,SC,128,UG,,,0.12,Don't know,SC,WH,1,,
614,default,,0,correct,1,2,0,,,,,SC,120,FILL,,,0.61,Correct,SC,WH,2,,
614,default,,2,Null,1,1,1,,,,,SC,12,WH,,,0.68,Incorrect,SC,WH,3,,
614,default,,1,correct,2,1,0,,,,,SC,119,FILL,,,0.72,Correct,SC,WH,4,,
614,default,,0,correct,2,1,0,,,,,SC,127,UG,,,0.28,Correct,SC,WH,5,,
614,default,,1,incorrect,2,3,3,,,,,SC,11,WH,,,0.42,Don't know,SC,WH,6,,
614,default,,2,Null,3,3,3,,,,,SC,126,UG,,,0.11,Don't know,SC,WH,7,,
614,default,,0,correct,3,1,0,,,,,SC,118,FILL,,,0.67,Correct,SC,WH,8,,
614,default,,2,Null,3,3,3,,,,,SC,10,WH,,,0.33,Don't know,SC,WH,9,,
614,default,,2,Null,4,3,3,,,,,SC,125,UG,,,0.27,Don't know,SC,WH,10,,
614,default,,2,Null,4,0,0,,,,,SC,117,FILL,,,0.67,Correct,SC,WH,11,,
614,default,,2,Null,4,1,1,,,,,SC,9,WH,,,0.77,Incorrect,SC,WH,12,,
614,default,,2,Null,5,0,0,,,,,SC,116,FILL,,,0.69,Correct,SC,WH,13,,
614,default,,2,Null,5,0,0,,,,,SC,8,WH,,,0.48,Correct,SC,WH,14,,
614,default,,2,Null,5,3,3,,,,,SC,124,UG,,,0.32,Don't know,SC,WH,15,,
614,default,,2,Null,6,3,3,,,,,SC,123,UG,,,0.23,Don't know,SC,WH,16,,
614,default,,2,Null,6,2,0,,,,,SC,115,FILL,,,0.72,Correct,SC,WH,17,,
614,default,,2,Null,6,2,0,,,,,SC,7,WH,,,0.71,Correct,SC,WH,18,,
614,default,,2,Null,7,0,0,,,,,SC,114,FILL,,,0.77,Correct,SC,WH,19,,
614,default,,2,Null,7,3,3,,,,,SC,122,UG,,,0.33,Don't know,SC,WH,20,,
614,default,,2,Null,7,2,0,,,,,SC,6,WH,,,0.75,Correct,SC,WH,21,,
614,default,,2,Null,8,0,0,,,,,SC,113,FILL,,,0.79,Correct,SC,WH,22,,
614,default,,2,Null,8,0,0,,,,,SC,5,WH,,,0.79,Correct,SC,WH,23,,
614,default,,2,Null,8,3,3,,,,,SC,121,UG,,,0.24,Don't know,SC,WH,24,,
