"workerid","proliferate.condition","block_sequence","exposure_condition","first_response_value","group","item_number","item_type","phase","response","sentence_id","test_condition","trial_sequence_total","wrong_attempts","time_in_minutes","error","phase2"
464,"condition1",1,"POLAR",NA,"control","22","POLAR","exposure",0.99,88,"WH",1,NA,10.20788333,NA,"pre-exposure"
464,"condition1",1,"POLAR",NA,"control","8","POLAR","exposure",1,32,"WH",2,NA,10.20788333,NA,"pre-exposure"
464,"condition1",1,"POLAR",NA,"control","107","FILL","exposure",0.75,187,"WH",3,NA,10.20788333,NA,"pre-exposure"
464,"condition1",1,"POLAR",NA,"control","120","UNGRAM","exposure",0,200,"WH",4,NA,10.20788333,NA,"pre-exposure"
464,"condition1",2,"POLAR",NA,"control","23","POLAR","exposure",1,92,"WH",5,NA,10.20788333,NA,"pre-exposure"
464,"condition1",2,"POLAR",NA,"control","119","UNGRAM","exposure",0,199,"WH",6,NA,10.20788333,NA,"pre-exposure"
464,"condition1",2,"POLAR",NA,"control","14","POLAR","exposure",0.98,56,"WH",7,NA,10.20788333,NA,"exposure"
464,"condition1",2,"POLAR",NA,"control","112","FILL","exposure",0.99,192,"WH",8,NA,10.20788333,NA,"exposure"
464,"condition1",3,"POLAR",NA,"control","128","UNGRAM","exposure",0,208,"WH",9,NA,10.20788333,NA,"exposure"
464,"condition1",3,"POLAR",NA,"control","9","POLAR","exposure",0.99,36,"WH",10,NA,10.20788333,NA,"exposure"
464,"condition1",3,"POLAR",NA,"control","104","FILL","exposure",0.91,184,"WH",11,NA,10.20788333,NA,"exposure"
464,"condition1",3,"POLAR",NA,"control","13","POLAR","exposure",0.97,52,"WH",12,NA,10.20788333,NA,"exposure"
464,"condition1",4,"POLAR",NA,"control","1","POLAR","exposure",0.99,4,"WH",13,NA,10.20788333,NA,"exposure"
464,"condition1",4,"POLAR",NA,"control","111","FILL","exposure",0.96,191,"WH",14,NA,10.20788333,NA,"exposure"
464,"condition1",4,"POLAR",NA,"control","117","UNGRAM","exposure",0,197,"WH",15,NA,10.20788333,NA,"exposure"
464,"condition1",4,"POLAR",NA,"control","15","POLAR","exposure",1,60,"WH",16,NA,10.20788333,NA,"exposure"
464,"condition1",5,"POLAR",NA,"control","106","FILL","exposure",0.97,186,"WH",17,NA,10.20788333,NA,"exposure"
464,"condition1",5,"POLAR",NA,"control","11","POLAR","exposure",0.99,44,"WH",18,NA,10.20788333,NA,"exposure"
464,"condition1",5,"POLAR",NA,"control","17","POLAR","exposure",0.97,68,"WH",19,NA,10.20788333,NA,"exposure"
464,"condition1",5,"POLAR",NA,"control","122","UNGRAM","exposure",0,202,"WH",20,NA,10.20788333,NA,"exposure"
464,"condition1",6,"POLAR",NA,"control","10","POLAR","exposure",0.97,40,"WH",21,NA,10.20788333,NA,"exposure"
464,"condition1",6,"POLAR",NA,"control","101","FILL","exposure",0.94,181,"WH",22,NA,10.20788333,NA,"exposure"
464,"condition1",6,"POLAR",NA,"control","12","POLAR","exposure",1,48,"WH",23,NA,10.20788333,NA,"exposure"
464,"condition1",6,"POLAR",NA,"control","129","UNGRAM","exposure",0.01,209,"WH",24,NA,10.20788333,NA,"exposure"
464,"condition1",7,"POLAR",NA,"control","103","FILL","exposure",0.93,183,"WH",25,NA,10.20788333,NA,"exposure"
464,"condition1",7,"POLAR",NA,"control","124","UNGRAM","exposure",0.02,204,"WH",26,NA,10.20788333,NA,"exposure"
464,"condition1",7,"POLAR",NA,"control","25","POLAR","exposure",0.81,100,"WH",27,NA,10.20788333,NA,"exposure"
464,"condition1",7,"POLAR",NA,"control","2","POLAR","exposure",0.99,8,"WH",28,NA,10.20788333,NA,"exposure"
464,"condition1",8,"POLAR",NA,"control","16","POLAR","exposure",0.88,64,"WH",29,NA,10.20788333,NA,"exposure"
464,"condition1",8,"POLAR",NA,"control","123","UNGRAM","exposure",0,203,"WH",30,NA,10.20788333,NA,"exposure"
464,"condition1",8,"POLAR",NA,"control","108","FILL","exposure",0.97,188,"WH",31,NA,10.20788333,NA,"exposure"
464,"condition1",8,"POLAR",NA,"control","18","POLAR","exposure",0.99,72,"WH",32,NA,10.20788333,NA,"exposure"
464,"condition1",9,"POLAR",NA,"control","110","FILL","exposure",0.99,190,"WH",33,NA,10.20788333,NA,"exposure"
464,"condition1",9,"POLAR",NA,"control","7","POLAR","exposure",0.99,28,"WH",34,NA,10.20788333,NA,"exposure"
464,"condition1",9,"POLAR",NA,"control","125","UNGRAM","exposure",0.01,205,"WH",35,NA,10.20788333,NA,"exposure"
464,"condition1",9,"POLAR",NA,"control","6","POLAR","exposure",0.99,24,"WH",36,NA,10.20788333,NA,"exposure"
464,"condition1",10,"POLAR",NA,"control","26","POLAR","exposure",0.89,104,"WH",37,NA,10.20788333,NA,"exposure"
464,"condition1",10,"POLAR",NA,"control","24","POLAR","exposure",0.96,96,"WH",38,NA,10.20788333,NA,"exposure"
464,"condition1",10,"POLAR",NA,"control","105","FILL","exposure",0.6,185,"WH",39,NA,10.20788333,NA,"exposure"
464,"condition1",10,"POLAR",NA,"control","121","UNGRAM","exposure",0.02,201,"WH",40,NA,10.20788333,NA,"exposure"
464,"condition1",101,"POLAR",NA,"control","20","WH","test",0.13,78,"WH",41,NA,10.20788333,NA,"test"
464,"condition1",101,"POLAR",NA,"control","102","FILL","test",0.99,182,"WH",42,NA,10.20788333,NA,"test"
464,"condition1",101,"POLAR",NA,"control","118","UNGRAM","test",0.02,198,"WH",43,NA,10.20788333,NA,"test"
464,"condition1",101,"POLAR",NA,"control","21","WH","test",0.3,82,"WH",44,NA,10.20788333,NA,"test"
464,"condition1",102,"POLAR",NA,"control","19","WH","test",0.02,74,"WH",45,NA,10.20788333,NA,"test"
464,"condition1",102,"POLAR",NA,"control","5","WH","test",0,18,"WH",46,NA,10.20788333,NA,"test"
464,"condition1",102,"POLAR",NA,"control","109","FILL","test",0.99,189,"WH",47,NA,10.20788333,NA,"test"
464,"condition1",102,"POLAR",NA,"control","127","UNGRAM","test",0.02,207,"WH",48,NA,10.20788333,NA,"test"
464,"condition1",103,"POLAR",NA,"control","126","UNGRAM","test",0.01,206,"WH",49,NA,10.20788333,NA,"test"
464,"condition1",103,"POLAR",NA,"control","3","WH","test",0.01,10,"WH",50,NA,10.20788333,NA,"test"
464,"condition1",103,"POLAR",NA,"control","4","WH","test",0.36,14,"WH",51,NA,10.20788333,NA,"test"
464,"condition1",103,"POLAR",NA,"control","113","FILL","test",0.09,193,"WH",52,NA,10.20788333,NA,"test"
470,"condition1",1,"WH",NA,"match","25","WH","exposure",0.83,98,"WH",1,NA,17.15928333,NA,"pre-exposure"
470,"condition1",1,"WH",NA,"match","108","FILL","exposure",0.96,188,"WH",2,NA,17.15928333,NA,"pre-exposure"
470,"condition1",1,"WH",NA,"match","10","WH","exposure",0.68,38,"WH",3,NA,17.15928333,NA,"pre-exposure"
470,"condition1",1,"WH",NA,"match","128","UNGRAM","exposure",0.09,208,"WH",4,NA,17.15928333,NA,"pre-exposure"
470,"condition1",2,"WH",NA,"match","124","UNGRAM","exposure",0,204,"WH",5,NA,17.15928333,NA,"pre-exposure"
470,"condition1",2,"WH",NA,"match","113","FILL","exposure",0.37,193,"WH",6,NA,17.15928333,NA,"pre-exposure"
470,"condition1",2,"WH",NA,"match","5","WH","exposure",0.92,18,"WH",7,NA,17.15928333,NA,"exposure"
470,"condition1",2,"WH",NA,"match","18","WH","exposure",0.5,70,"WH",8,NA,17.15928333,NA,"exposure"
470,"condition1",3,"WH",NA,"match","119","UNGRAM","exposure",0,199,"WH",9,NA,17.15928333,NA,"exposure"
470,"condition1",3,"WH",NA,"match","23","WH","exposure",1,90,"WH",10,NA,17.15928333,NA,"exposure"
470,"condition1",3,"WH",NA,"match","101","FILL","exposure",0.91,181,"WH",11,NA,17.15928333,NA,"exposure"
470,"condition1",3,"WH",NA,"match","14","WH","exposure",0.7,54,"WH",12,NA,17.15928333,NA,"exposure"
470,"condition1",4,"WH",NA,"match","109","FILL","exposure",0.9,189,"WH",13,NA,17.15928333,NA,"exposure"
470,"condition1",4,"WH",NA,"match","19","WH","exposure",0.87,74,"WH",14,NA,17.15928333,NA,"exposure"
470,"condition1",4,"WH",NA,"match","9","WH","exposure",1,34,"WH",15,NA,17.15928333,NA,"exposure"
470,"condition1",4,"WH",NA,"match","122","UNGRAM","exposure",0,202,"WH",16,NA,17.15928333,NA,"exposure"
470,"condition1",5,"WH",NA,"match","2","WH","exposure",1,6,"WH",17,NA,17.15928333,NA,"exposure"
470,"condition1",5,"WH",NA,"match","121","UNGRAM","exposure",0.07,201,"WH",18,NA,17.15928333,NA,"exposure"
470,"condition1",5,"WH",NA,"match","107","FILL","exposure",0.89,187,"WH",19,NA,17.15928333,NA,"exposure"
470,"condition1",5,"WH",NA,"match","7","WH","exposure",1,26,"WH",20,NA,17.15928333,NA,"exposure"
470,"condition1",6,"WH",NA,"match","12","WH","exposure",1,46,"WH",21,NA,17.15928333,NA,"exposure"
470,"condition1",6,"WH",NA,"match","106","FILL","exposure",0.82,186,"WH",22,NA,17.15928333,NA,"exposure"
470,"condition1",6,"WH",NA,"match","118","UNGRAM","exposure",0,198,"WH",23,NA,17.15928333,NA,"exposure"
470,"condition1",6,"WH",NA,"match","24","WH","exposure",0.71,94,"WH",24,NA,17.15928333,NA,"exposure"
470,"condition1",7,"WH",NA,"match","110","FILL","exposure",0.96,190,"WH",25,NA,17.15928333,NA,"exposure"
470,"condition1",7,"WH",NA,"match","21","WH","exposure",0.83,82,"WH",26,NA,17.15928333,NA,"exposure"
470,"condition1",7,"WH",NA,"match","129","UNGRAM","exposure",0.04,209,"WH",27,NA,17.15928333,NA,"exposure"
470,"condition1",7,"WH",NA,"match","26","WH","exposure",0.6,102,"WH",28,NA,17.15928333,NA,"exposure"
470,"condition1",8,"WH",NA,"match","20","WH","exposure",0.8,78,"WH",29,NA,17.15928333,NA,"exposure"
470,"condition1",8,"WH",NA,"match","11","WH","exposure",0.92,42,"WH",30,NA,17.15928333,NA,"exposure"
470,"condition1",8,"WH",NA,"match","112","FILL","exposure",1,192,"WH",31,NA,17.15928333,NA,"exposure"
470,"condition1",8,"WH",NA,"match","127","UNGRAM","exposure",0,207,"WH",32,NA,17.15928333,NA,"exposure"
470,"condition1",9,"WH",NA,"match","6","WH","exposure",0.94,22,"WH",33,NA,17.15928333,NA,"exposure"
470,"condition1",9,"WH",NA,"match","123","UNGRAM","exposure",0,203,"WH",34,NA,17.15928333,NA,"exposure"
470,"condition1",9,"WH",NA,"match","111","FILL","exposure",0.98,191,"WH",35,NA,17.15928333,NA,"exposure"
470,"condition1",9,"WH",NA,"match","22","WH","exposure",0.87,86,"WH",36,NA,17.15928333,NA,"exposure"
470,"condition1",10,"WH",NA,"match","102","FILL","exposure",1,182,"WH",37,NA,17.15928333,NA,"exposure"
470,"condition1",10,"WH",NA,"match","125","UNGRAM","exposure",0.08,205,"WH",38,NA,17.15928333,NA,"exposure"
470,"condition1",10,"WH",NA,"match","1","WH","exposure",0.99,2,"WH",39,NA,17.15928333,NA,"exposure"
470,"condition1",10,"WH",NA,"match","13","WH","exposure",0.89,50,"WH",40,NA,17.15928333,NA,"exposure"
470,"condition1",101,"WH",NA,"match","117","UNGRAM","test",0,197,"WH",41,NA,17.15928333,NA,"test"
470,"condition1",101,"WH",NA,"match","104","FILL","test",1,184,"WH",42,NA,17.15928333,NA,"test"
470,"condition1",101,"WH",NA,"match","16","WH","test",0.92,62,"WH",43,NA,17.15928333,NA,"test"
470,"condition1",101,"WH",NA,"match","17","WH","test",0.97,66,"WH",44,NA,17.15928333,NA,"test"
470,"condition1",102,"WH",NA,"match","15","WH","test",0.94,58,"WH",45,NA,17.15928333,NA,"test"
470,"condition1",102,"WH",NA,"match","103","FILL","test",0.97,183,"WH",46,NA,17.15928333,NA,"test"
470,"condition1",102,"WH",NA,"match","120","UNGRAM","test",0.05,200,"WH",47,NA,17.15928333,NA,"test"
470,"condition1",102,"WH",NA,"match","8","WH","test",0.96,30,"WH",48,NA,17.15928333,NA,"test"
470,"condition1",103,"WH",NA,"match","3","WH","test",0.82,10,"WH",49,NA,17.15928333,NA,"test"
470,"condition1",103,"WH",NA,"match","4","WH","test",0.93,14,"WH",50,NA,17.15928333,NA,"test"
470,"condition1",103,"WH",NA,"match","105","FILL","test",0.94,185,"WH",51,NA,17.15928333,NA,"test"
470,"condition1",103,"WH",NA,"match","126","UNGRAM","test",0.15,206,"WH",52,NA,17.15928333,NA,"test"
461,"condition1",1,"WH",NA,"match","19","WH","exposure",0,74,"WH",1,NA,4.676383333,NA,"pre-exposure"
461,"condition1",1,"WH",NA,"match","15","WH","exposure",0.06,58,"WH",2,NA,4.676383333,NA,"pre-exposure"
461,"condition1",1,"WH",NA,"match","102","FILL","exposure",0.86,182,"WH",3,NA,4.676383333,NA,"pre-exposure"
461,"condition1",1,"WH",NA,"match","126","UNGRAM","exposure",0.09,206,"WH",4,NA,4.676383333,NA,"pre-exposure"
461,"condition1",2,"WH",NA,"match","119","UNGRAM","exposure",0.1,199,"WH",5,NA,4.676383333,NA,"pre-exposure"
461,"condition1",2,"WH",NA,"match","24","WH","exposure",0.17,94,"WH",6,NA,4.676383333,NA,"pre-exposure"
461,"condition1",2,"WH",NA,"match","112","FILL","exposure",1,192,"WH",7,NA,4.676383333,NA,"exposure"
461,"condition1",2,"WH",NA,"match","10","WH","exposure",0.18,38,"WH",8,NA,4.676383333,NA,"exposure"
461,"condition1",3,"WH",NA,"match","5","WH","exposure",0.17,18,"WH",9,NA,4.676383333,NA,"exposure"
461,"condition1",3,"WH",NA,"match","121","UNGRAM","exposure",0,201,"WH",10,NA,4.676383333,NA,"exposure"
461,"condition1",3,"WH",NA,"match","20","WH","exposure",0.11,78,"WH",11,NA,4.676383333,NA,"exposure"
461,"condition1",3,"WH",NA,"match","107","FILL","exposure",0.86,187,"WH",12,NA,4.676383333,NA,"exposure"
461,"condition1",4,"WH",NA,"match","16","WH","exposure",0.26,62,"WH",13,NA,4.676383333,NA,"exposure"
461,"condition1",4,"WH",NA,"match","122","UNGRAM","exposure",0.01,202,"WH",14,NA,4.676383333,NA,"exposure"
461,"condition1",4,"WH",NA,"match","3","WH","exposure",0.25,10,"WH",15,NA,4.676383333,NA,"exposure"
461,"condition1",4,"WH",NA,"match","101","FILL","exposure",0.99,181,"WH",16,NA,4.676383333,NA,"exposure"
461,"condition1",5,"WH",NA,"match","120","UNGRAM","exposure",0,200,"WH",17,NA,4.676383333,NA,"exposure"
461,"condition1",5,"WH",NA,"match","4","WH","exposure",0.13,14,"WH",18,NA,4.676383333,NA,"exposure"
461,"condition1",5,"WH",NA,"match","105","FILL","exposure",0.12,185,"WH",19,NA,4.676383333,NA,"exposure"
461,"condition1",5,"WH",NA,"match","17","WH","exposure",0.19,66,"WH",20,NA,4.676383333,NA,"exposure"
461,"condition1",6,"WH",NA,"match","127","UNGRAM","exposure",0.01,207,"WH",21,NA,4.676383333,NA,"exposure"
461,"condition1",6,"WH",NA,"match","11","WH","exposure",0.03,42,"WH",22,NA,4.676383333,NA,"exposure"
461,"condition1",6,"WH",NA,"match","108","FILL","exposure",0.9,188,"WH",23,NA,4.676383333,NA,"exposure"
461,"condition1",6,"WH",NA,"match","1","WH","exposure",0.12,2,"WH",24,NA,4.676383333,NA,"exposure"
461,"condition1",7,"WH",NA,"match","118","UNGRAM","exposure",0.01,198,"WH",25,NA,4.676383333,NA,"exposure"
461,"condition1",7,"WH",NA,"match","103","FILL","exposure",0.86,183,"WH",26,NA,4.676383333,NA,"exposure"
461,"condition1",7,"WH",NA,"match","22","WH","exposure",0.07,86,"WH",27,NA,4.676383333,NA,"exposure"
461,"condition1",7,"WH",NA,"match","8","WH","exposure",0.06,30,"WH",28,NA,4.676383333,NA,"exposure"
461,"condition1",8,"WH",NA,"match","111","FILL","exposure",0.84,191,"WH",29,NA,4.676383333,NA,"exposure"
461,"condition1",8,"WH",NA,"match","2","WH","exposure",0.21,6,"WH",30,NA,4.676383333,NA,"exposure"
461,"condition1",8,"WH",NA,"match","23","WH","exposure",0.15,90,"WH",31,NA,4.676383333,NA,"exposure"
461,"condition1",8,"WH",NA,"match","123","UNGRAM","exposure",0.05,203,"WH",32,NA,4.676383333,NA,"exposure"
461,"condition1",9,"WH",NA,"match","106","FILL","exposure",0.94,186,"WH",33,NA,4.676383333,NA,"exposure"
461,"condition1",9,"WH",NA,"match","9","WH","exposure",0.12,34,"WH",34,NA,4.676383333,NA,"exposure"
461,"condition1",9,"WH",NA,"match","129","UNGRAM","exposure",0.01,209,"WH",35,NA,4.676383333,NA,"exposure"
461,"condition1",9,"WH",NA,"match","14","WH","exposure",0.01,54,"WH",36,NA,4.676383333,NA,"exposure"
461,"condition1",10,"WH",NA,"match","104","FILL","exposure",0.93,184,"WH",37,NA,4.676383333,NA,"exposure"
461,"condition1",10,"WH",NA,"match","117","UNGRAM","exposure",0.03,197,"WH",38,NA,4.676383333,NA,"exposure"
461,"condition1",10,"WH",NA,"match","7","WH","exposure",0.03,26,"WH",39,NA,4.676383333,NA,"exposure"
461,"condition1",10,"WH",NA,"match","21","WH","exposure",0.08,82,"WH",40,NA,4.676383333,NA,"exposure"
461,"condition1",101,"WH",NA,"match","124","UNGRAM","test",0.01,204,"WH",41,NA,4.676383333,NA,"test"
461,"condition1",101,"WH",NA,"match","26","WH","test",0.02,102,"WH",42,NA,4.676383333,NA,"test"
461,"condition1",101,"WH",NA,"match","25","WH","test",0.01,98,"WH",43,NA,4.676383333,NA,"test"
461,"condition1",101,"WH",NA,"match","110","FILL","test",0.96,190,"WH",44,NA,4.676383333,NA,"test"
461,"condition1",102,"WH",NA,"match","13","WH","test",0.15,50,"WH",45,NA,4.676383333,NA,"test"
461,"condition1",102,"WH",NA,"match","109","FILL","test",0.99,189,"WH",46,NA,4.676383333,NA,"test"
461,"condition1",102,"WH",NA,"match","125","UNGRAM","test",0.01,205,"WH",47,NA,4.676383333,NA,"test"
461,"condition1",102,"WH",NA,"match","18","WH","test",0.15,70,"WH",48,NA,4.676383333,NA,"test"
461,"condition1",103,"WH",NA,"match","128","UNGRAM","test",0.02,208,"WH",49,NA,4.676383333,NA,"test"
461,"condition1",103,"WH",NA,"match","12","WH","test",0.04,46,"WH",50,NA,4.676383333,NA,"test"
461,"condition1",103,"WH",NA,"match","6","WH","test",0.03,22,"WH",51,NA,4.676383333,NA,"test"
461,"condition1",103,"WH",NA,"match","113","FILL","test",0.13,193,"WH",52,NA,4.676383333,NA,"test"
460,"condition1",1,"POLAR",NA,"control","120","UNGRAM","exposure",0,200,"SUBJ",1,NA,22.85388333,NA,"pre-exposure"
460,"condition1",1,"POLAR",NA,"control","102","FILL","exposure",1,182,"SUBJ",2,NA,22.85388333,NA,"pre-exposure"
460,"condition1",1,"POLAR",NA,"control","3","POLAR","exposure",1,12,"SUBJ",3,NA,22.85388333,NA,"pre-exposure"
460,"condition1",1,"POLAR",NA,"control","18","POLAR","exposure",1,72,"SUBJ",4,NA,22.85388333,NA,"pre-exposure"
460,"condition1",2,"POLAR",NA,"control","109","FILL","exposure",1,189,"SUBJ",5,NA,22.85388333,NA,"pre-exposure"
460,"condition1",2,"POLAR",NA,"control","11","POLAR","exposure",1,44,"SUBJ",6,NA,22.85388333,NA,"pre-exposure"
460,"condition1",2,"POLAR",NA,"control","124","UNGRAM","exposure",0,204,"SUBJ",7,NA,22.85388333,NA,"exposure"
460,"condition1",2,"POLAR",NA,"control","23","POLAR","exposure",1,92,"SUBJ",8,NA,22.85388333,NA,"exposure"
460,"condition1",3,"POLAR",NA,"control","21","POLAR","exposure",1,84,"SUBJ",9,NA,22.85388333,NA,"exposure"
460,"condition1",3,"POLAR",NA,"control","6","POLAR","exposure",1,24,"SUBJ",10,NA,22.85388333,NA,"exposure"
460,"condition1",3,"POLAR",NA,"control","128","UNGRAM","exposure",0,208,"SUBJ",11,NA,22.85388333,NA,"exposure"
460,"condition1",3,"POLAR",NA,"control","101","FILL","exposure",1,181,"SUBJ",12,NA,22.85388333,NA,"exposure"
460,"condition1",4,"POLAR",NA,"control","119","UNGRAM","exposure",0,199,"SUBJ",13,NA,22.85388333,NA,"exposure"
460,"condition1",4,"POLAR",NA,"control","7","POLAR","exposure",1,28,"SUBJ",14,NA,22.85388333,NA,"exposure"
460,"condition1",4,"POLAR",NA,"control","16","POLAR","exposure",1,64,"SUBJ",15,NA,22.85388333,NA,"exposure"
460,"condition1",4,"POLAR",NA,"control","113","FILL","exposure",1,193,"SUBJ",16,NA,22.85388333,NA,"exposure"
460,"condition1",5,"POLAR",NA,"control","110","FILL","exposure",1,190,"SUBJ",17,NA,22.85388333,NA,"exposure"
460,"condition1",5,"POLAR",NA,"control","15","POLAR","exposure",1,60,"SUBJ",18,NA,22.85388333,NA,"exposure"
460,"condition1",5,"POLAR",NA,"control","117","UNGRAM","exposure",0,197,"SUBJ",19,NA,22.85388333,NA,"exposure"
460,"condition1",5,"POLAR",NA,"control","13","POLAR","exposure",1,52,"SUBJ",20,NA,22.85388333,NA,"exposure"
460,"condition1",6,"POLAR",NA,"control","19","POLAR","exposure",1,76,"SUBJ",21,NA,22.85388333,NA,"exposure"
460,"condition1",6,"POLAR",NA,"control","103","FILL","exposure",1,183,"SUBJ",22,NA,22.85388333,NA,"exposure"
460,"condition1",6,"POLAR",NA,"control","8","POLAR","exposure",1,32,"SUBJ",23,NA,22.85388333,NA,"exposure"
460,"condition1",6,"POLAR",NA,"control","123","UNGRAM","exposure",0,203,"SUBJ",24,NA,22.85388333,NA,"exposure"
460,"condition1",7,"POLAR",NA,"control","25","POLAR","exposure",1,100,"SUBJ",25,NA,22.85388333,NA,"exposure"
460,"condition1",7,"POLAR",NA,"control","118","UNGRAM","exposure",0,198,"SUBJ",26,NA,22.85388333,NA,"exposure"
460,"condition1",7,"POLAR",NA,"control","111","FILL","exposure",1,191,"SUBJ",27,NA,22.85388333,NA,"exposure"
460,"condition1",7,"POLAR",NA,"control","17","POLAR","exposure",1,68,"SUBJ",28,NA,22.85388333,NA,"exposure"
460,"condition1",8,"POLAR",NA,"control","126","UNGRAM","exposure",0,206,"SUBJ",29,NA,22.85388333,NA,"exposure"
460,"condition1",8,"POLAR",NA,"control","2","POLAR","exposure",1,8,"SUBJ",30,NA,22.85388333,NA,"exposure"
460,"condition1",8,"POLAR",NA,"control","104","FILL","exposure",1,184,"SUBJ",31,NA,22.85388333,NA,"exposure"
460,"condition1",8,"POLAR",NA,"control","5","POLAR","exposure",1,20,"SUBJ",32,NA,22.85388333,NA,"exposure"
460,"condition1",9,"POLAR",NA,"control","127","UNGRAM","exposure",0,207,"SUBJ",33,NA,22.85388333,NA,"exposure"
460,"condition1",9,"POLAR",NA,"control","22","POLAR","exposure",1,88,"SUBJ",34,NA,22.85388333,NA,"exposure"
460,"condition1",9,"POLAR",NA,"control","106","FILL","exposure",1,186,"SUBJ",35,NA,22.85388333,NA,"exposure"
460,"condition1",9,"POLAR",NA,"control","4","POLAR","exposure",1,16,"SUBJ",36,NA,22.85388333,NA,"exposure"
460,"condition1",10,"POLAR",NA,"control","24","POLAR","exposure",1,96,"SUBJ",37,NA,22.85388333,NA,"exposure"
460,"condition1",10,"POLAR",NA,"control","9","POLAR","exposure",1,36,"SUBJ",38,NA,22.85388333,NA,"exposure"
460,"condition1",10,"POLAR",NA,"control","129","UNGRAM","exposure",0,209,"SUBJ",39,NA,22.85388333,NA,"exposure"
460,"condition1",10,"POLAR",NA,"control","107","FILL","exposure",1,187,"SUBJ",40,NA,22.85388333,NA,"exposure"
460,"condition1",101,"POLAR",NA,"control","121","UNGRAM","test",0,201,"SUBJ",41,NA,22.85388333,NA,"test"
460,"condition1",101,"POLAR",NA,"control","112","FILL","test",0.99,192,"SUBJ",42,NA,22.85388333,NA,"test"
460,"condition1",101,"POLAR",NA,"control","20","SUBJ","test",0.07,79,"SUBJ",43,NA,22.85388333,NA,"test"
460,"condition1",101,"POLAR",NA,"control","26","SUBJ","test",0.14,103,"SUBJ",44,NA,22.85388333,NA,"test"
460,"condition1",102,"POLAR",NA,"control","125","UNGRAM","test",0.01,205,"SUBJ",45,NA,22.85388333,NA,"test"
460,"condition1",102,"POLAR",NA,"control","12","SUBJ","test",0.37,47,"SUBJ",46,NA,22.85388333,NA,"test"
460,"condition1",102,"POLAR",NA,"control","105","FILL","test",0.99,185,"SUBJ",47,NA,22.85388333,NA,"test"
460,"condition1",102,"POLAR",NA,"control","14","SUBJ","test",0.38,55,"SUBJ",48,NA,22.85388333,NA,"test"
460,"condition1",103,"POLAR",NA,"control","122","UNGRAM","test",0.01,202,"SUBJ",49,NA,22.85388333,NA,"test"
460,"condition1",103,"POLAR",NA,"control","10","SUBJ","test",0.72,39,"SUBJ",50,NA,22.85388333,NA,"test"
460,"condition1",103,"POLAR",NA,"control","108","FILL","test",0.98,188,"SUBJ",51,NA,22.85388333,NA,"test"
460,"condition1",103,"POLAR",NA,"control","1","SUBJ","test",0.48,3,"SUBJ",52,NA,22.85388333,NA,"test"
468,"condition1",1,"POLAR",NA,"control","10","POLAR","exposure",1,40,"WH",1,NA,12.40333333,NA,"pre-exposure"
468,"condition1",1,"POLAR",NA,"control","121","UNGRAM","exposure",0,201,"WH",2,NA,12.40333333,NA,"pre-exposure"
468,"condition1",1,"POLAR",NA,"control","108","FILL","exposure",0.15,188,"WH",3,NA,12.40333333,NA,"pre-exposure"
468,"condition1",1,"POLAR",NA,"control","12","POLAR","exposure",0.83,48,"WH",4,NA,12.40333333,NA,"pre-exposure"
468,"condition1",2,"POLAR",NA,"control","13","POLAR","exposure",0.81,52,"WH",5,NA,12.40333333,NA,"pre-exposure"
468,"condition1",2,"POLAR",NA,"control","126","UNGRAM","exposure",0,206,"WH",6,NA,12.40333333,NA,"pre-exposure"
468,"condition1",2,"POLAR",NA,"control","111","FILL","exposure",0.79,191,"WH",7,NA,12.40333333,NA,"exposure"
468,"condition1",2,"POLAR",NA,"control","17","POLAR","exposure",0.9,68,"WH",8,NA,12.40333333,NA,"exposure"
468,"condition1",3,"POLAR",NA,"control","24","POLAR","exposure",0.89,96,"WH",9,NA,12.40333333,NA,"exposure"
468,"condition1",3,"POLAR",NA,"control","3","POLAR","exposure",0.91,12,"WH",10,NA,12.40333333,NA,"exposure"
468,"condition1",3,"POLAR",NA,"control","127","UNGRAM","exposure",0,207,"WH",11,NA,12.40333333,NA,"exposure"
468,"condition1",3,"POLAR",NA,"control","107","FILL","exposure",0.75,187,"WH",12,NA,12.40333333,NA,"exposure"
468,"condition1",4,"POLAR",NA,"control","6","POLAR","exposure",0.85,24,"WH",13,NA,12.40333333,NA,"exposure"
468,"condition1",4,"POLAR",NA,"control","129","UNGRAM","exposure",0,209,"WH",14,NA,12.40333333,NA,"exposure"
468,"condition1",4,"POLAR",NA,"control","2","POLAR","exposure",1,8,"WH",15,NA,12.40333333,NA,"exposure"
468,"condition1",4,"POLAR",NA,"control","112","FILL","exposure",0.59,192,"WH",16,NA,12.40333333,NA,"exposure"
468,"condition1",5,"POLAR",NA,"control","9","POLAR","exposure",0.76,36,"WH",17,NA,12.40333333,NA,"exposure"
468,"condition1",5,"POLAR",NA,"control","113","FILL","exposure",0.9,193,"WH",18,NA,12.40333333,NA,"exposure"
468,"condition1",5,"POLAR",NA,"control","11","POLAR","exposure",0.83,44,"WH",19,NA,12.40333333,NA,"exposure"
468,"condition1",5,"POLAR",NA,"control","124","UNGRAM","exposure",0,204,"WH",20,NA,12.40333333,NA,"exposure"
468,"condition1",6,"POLAR",NA,"control","105","FILL","exposure",0.68,185,"WH",21,NA,12.40333333,NA,"exposure"
468,"condition1",6,"POLAR",NA,"control","120","UNGRAM","exposure",0,200,"WH",22,NA,12.40333333,NA,"exposure"
468,"condition1",6,"POLAR",NA,"control","26","POLAR","exposure",0.75,104,"WH",23,NA,12.40333333,NA,"exposure"
468,"condition1",6,"POLAR",NA,"control","18","POLAR","exposure",0.77,72,"WH",24,NA,12.40333333,NA,"exposure"
468,"condition1",7,"POLAR",NA,"control","19","POLAR","exposure",0.88,76,"WH",25,NA,12.40333333,NA,"exposure"
468,"condition1",7,"POLAR",NA,"control","7","POLAR","exposure",0.8,28,"WH",26,NA,12.40333333,NA,"exposure"
468,"condition1",7,"POLAR",NA,"control","119","UNGRAM","exposure",0,199,"WH",27,NA,12.40333333,NA,"exposure"
468,"condition1",7,"POLAR",NA,"control","110","FILL","exposure",0.79,190,"WH",28,NA,12.40333333,NA,"exposure"
468,"condition1",8,"POLAR",NA,"control","22","POLAR","exposure",0.83,88,"WH",29,NA,12.40333333,NA,"exposure"
468,"condition1",8,"POLAR",NA,"control","102","FILL","exposure",0.85,182,"WH",30,NA,12.40333333,NA,"exposure"
468,"condition1",8,"POLAR",NA,"control","117","UNGRAM","exposure",0,197,"WH",31,NA,12.40333333,NA,"exposure"
468,"condition1",8,"POLAR",NA,"control","16","POLAR","exposure",0.8,64,"WH",32,NA,12.40333333,NA,"exposure"
468,"condition1",9,"POLAR",NA,"control","101","FILL","exposure",0.78,181,"WH",33,NA,12.40333333,NA,"exposure"
468,"condition1",9,"POLAR",NA,"control","123","UNGRAM","exposure",0,203,"WH",34,NA,12.40333333,NA,"exposure"
468,"condition1",9,"POLAR",NA,"control","21","POLAR","exposure",0.83,84,"WH",35,NA,12.40333333,NA,"exposure"
468,"condition1",9,"POLAR",NA,"control","4","POLAR","exposure",0.83,16,"WH",36,NA,12.40333333,NA,"exposure"
468,"condition1",10,"POLAR",NA,"control","14","POLAR","exposure",0.86,56,"WH",37,NA,12.40333333,NA,"exposure"
468,"condition1",10,"POLAR",NA,"control","8","POLAR","exposure",0.85,32,"WH",38,NA,12.40333333,NA,"exposure"
468,"condition1",10,"POLAR",NA,"control","109","FILL","exposure",0.86,189,"WH",39,NA,12.40333333,NA,"exposure"
468,"condition1",10,"POLAR",NA,"control","128","UNGRAM","exposure",0,208,"WH",40,NA,12.40333333,NA,"exposure"
468,"condition1",101,"POLAR",NA,"control","25","WH","test",0.06,98,"WH",41,NA,12.40333333,NA,"test"
468,"condition1",101,"POLAR",NA,"control","125","UNGRAM","test",0,205,"WH",42,NA,12.40333333,NA,"test"
468,"condition1",101,"POLAR",NA,"control","23","WH","test",0.66,90,"WH",43,NA,12.40333333,NA,"test"
468,"condition1",101,"POLAR",NA,"control","106","FILL","test",0.89,186,"WH",44,NA,12.40333333,NA,"test"
468,"condition1",102,"POLAR",NA,"control","20","WH","test",0.62,78,"WH",45,NA,12.40333333,NA,"test"
468,"condition1",102,"POLAR",NA,"control","15","WH","test",0.52,58,"WH",46,NA,12.40333333,NA,"test"
468,"condition1",102,"POLAR",NA,"control","118","UNGRAM","test",0,198,"WH",47,NA,12.40333333,NA,"test"
468,"condition1",102,"POLAR",NA,"control","103","FILL","test",0.9,183,"WH",48,NA,12.40333333,NA,"test"
468,"condition1",103,"POLAR",NA,"control","104","FILL","test",0.87,184,"WH",49,NA,12.40333333,NA,"test"
468,"condition1",103,"POLAR",NA,"control","122","UNGRAM","test",0,202,"WH",50,NA,12.40333333,NA,"test"
468,"condition1",103,"POLAR",NA,"control","5","WH","test",0.72,18,"WH",51,NA,12.40333333,NA,"test"
468,"condition1",103,"POLAR",NA,"control","1","WH","test",0.69,2,"WH",52,NA,12.40333333,NA,"test"
469,"condition1",1,"WH",NA,"mismatch","20","WH","exposure",0,78,"SUBJ",1,NA,9.004916667,NA,"pre-exposure"
469,"condition1",1,"WH",NA,"mismatch","22","WH","exposure",0.08,86,"SUBJ",2,NA,9.004916667,NA,"pre-exposure"
469,"condition1",1,"WH",NA,"mismatch","110","FILL","exposure",1,190,"SUBJ",3,NA,9.004916667,NA,"pre-exposure"
469,"condition1",1,"WH",NA,"mismatch","127","UNGRAM","exposure",0,207,"SUBJ",4,NA,9.004916667,NA,"pre-exposure"
469,"condition1",2,"WH",NA,"mismatch","104","FILL","exposure",0.9,184,"SUBJ",5,NA,9.004916667,NA,"pre-exposure"
469,"condition1",2,"WH",NA,"mismatch","123","UNGRAM","exposure",0,203,"SUBJ",6,NA,9.004916667,NA,"pre-exposure"
469,"condition1",2,"WH",NA,"mismatch","7","WH","exposure",0.52,26,"SUBJ",7,NA,9.004916667,NA,"exposure"
469,"condition1",2,"WH",NA,"mismatch","3","WH","exposure",0.82,10,"SUBJ",8,NA,9.004916667,NA,"exposure"
469,"condition1",3,"WH",NA,"mismatch","10","WH","exposure",0.44,38,"SUBJ",9,NA,9.004916667,NA,"exposure"
469,"condition1",3,"WH",NA,"mismatch","107","FILL","exposure",1,187,"SUBJ",10,NA,9.004916667,NA,"exposure"
469,"condition1",3,"WH",NA,"mismatch","14","WH","exposure",0.13,54,"SUBJ",11,NA,9.004916667,NA,"exposure"
469,"condition1",3,"WH",NA,"mismatch","118","UNGRAM","exposure",0,198,"SUBJ",12,NA,9.004916667,NA,"exposure"
469,"condition1",4,"WH",NA,"mismatch","17","WH","exposure",0.59,66,"SUBJ",13,NA,9.004916667,NA,"exposure"
469,"condition1",4,"WH",NA,"mismatch","125","UNGRAM","exposure",0,205,"SUBJ",14,NA,9.004916667,NA,"exposure"
469,"condition1",4,"WH",NA,"mismatch","108","FILL","exposure",1,188,"SUBJ",15,NA,9.004916667,NA,"exposure"
469,"condition1",4,"WH",NA,"mismatch","1","WH","exposure",0.27,2,"SUBJ",16,NA,9.004916667,NA,"exposure"
469,"condition1",5,"WH",NA,"mismatch","21","WH","exposure",0.42,82,"SUBJ",17,NA,9.004916667,NA,"exposure"
469,"condition1",5,"WH",NA,"mismatch","120","UNGRAM","exposure",0,200,"SUBJ",18,NA,9.004916667,NA,"exposure"
469,"condition1",5,"WH",NA,"mismatch","18","WH","exposure",1,70,"SUBJ",19,NA,9.004916667,NA,"exposure"
469,"condition1",5,"WH",NA,"mismatch","112","FILL","exposure",1,192,"SUBJ",20,NA,9.004916667,NA,"exposure"
469,"condition1",6,"WH",NA,"mismatch","117","UNGRAM","exposure",0,197,"SUBJ",21,NA,9.004916667,NA,"exposure"
469,"condition1",6,"WH",NA,"mismatch","4","WH","exposure",1,14,"SUBJ",22,NA,9.004916667,NA,"exposure"
469,"condition1",6,"WH",NA,"mismatch","12","WH","exposure",0.6,46,"SUBJ",23,NA,9.004916667,NA,"exposure"
469,"condition1",6,"WH",NA,"mismatch","106","FILL","exposure",1,186,"SUBJ",24,NA,9.004916667,NA,"exposure"
469,"condition1",7,"WH",NA,"mismatch","113","FILL","exposure",1,193,"SUBJ",25,NA,9.004916667,NA,"exposure"
469,"condition1",7,"WH",NA,"mismatch","119","UNGRAM","exposure",0,199,"SUBJ",26,NA,9.004916667,NA,"exposure"
469,"condition1",7,"WH",NA,"mismatch","24","WH","exposure",1,94,"SUBJ",27,NA,9.004916667,NA,"exposure"
469,"condition1",7,"WH",NA,"mismatch","5","WH","exposure",0.67,18,"SUBJ",28,NA,9.004916667,NA,"exposure"
469,"condition1",8,"WH",NA,"mismatch","16","WH","exposure",1,62,"SUBJ",29,NA,9.004916667,NA,"exposure"
469,"condition1",8,"WH",NA,"mismatch","103","FILL","exposure",1,183,"SUBJ",30,NA,9.004916667,NA,"exposure"
469,"condition1",8,"WH",NA,"mismatch","124","UNGRAM","exposure",0,204,"SUBJ",31,NA,9.004916667,NA,"exposure"
469,"condition1",8,"WH",NA,"mismatch","8","WH","exposure",1,30,"SUBJ",32,NA,9.004916667,NA,"exposure"
469,"condition1",9,"WH",NA,"mismatch","109","FILL","exposure",1,189,"SUBJ",33,NA,9.004916667,NA,"exposure"
469,"condition1",9,"WH",NA,"mismatch","129","UNGRAM","exposure",0,209,"SUBJ",34,NA,9.004916667,NA,"exposure"
469,"condition1",9,"WH",NA,"mismatch","6","WH","exposure",1,22,"SUBJ",35,NA,9.004916667,NA,"exposure"
469,"condition1",9,"WH",NA,"mismatch","15","WH","exposure",1,58,"SUBJ",36,NA,9.004916667,NA,"exposure"
469,"condition1",10,"WH",NA,"mismatch","122","UNGRAM","exposure",0,202,"SUBJ",37,NA,9.004916667,NA,"exposure"
469,"condition1",10,"WH",NA,"mismatch","111","FILL","exposure",1,191,"SUBJ",38,NA,9.004916667,NA,"exposure"
469,"condition1",10,"WH",NA,"mismatch","2","WH","exposure",1,6,"SUBJ",39,NA,9.004916667,NA,"exposure"
469,"condition1",10,"WH",NA,"mismatch","9","WH","exposure",1,34,"SUBJ",40,NA,9.004916667,NA,"exposure"
469,"condition1",101,"WH",NA,"mismatch","105","FILL","test",1,185,"SUBJ",41,NA,9.004916667,NA,"test"
469,"condition1",101,"WH",NA,"mismatch","128","UNGRAM","test",0,208,"SUBJ",42,NA,9.004916667,NA,"test"
469,"condition1",101,"WH",NA,"mismatch","26","SUBJ","test",1,103,"SUBJ",43,NA,9.004916667,NA,"test"
469,"condition1",101,"WH",NA,"mismatch","25","SUBJ","test",1,99,"SUBJ",44,NA,9.004916667,NA,"test"
469,"condition1",102,"WH",NA,"mismatch","19","SUBJ","test",0.69,75,"SUBJ",45,NA,9.004916667,NA,"test"
469,"condition1",102,"WH",NA,"mismatch","101","FILL","test",1,181,"SUBJ",46,NA,9.004916667,NA,"test"
469,"condition1",102,"WH",NA,"mismatch","121","UNGRAM","test",0,201,"SUBJ",47,NA,9.004916667,NA,"test"
469,"condition1",102,"WH",NA,"mismatch","23","SUBJ","test",1,91,"SUBJ",48,NA,9.004916667,NA,"test"
469,"condition1",103,"WH",NA,"mismatch","126","UNGRAM","test",0,206,"SUBJ",49,NA,9.004916667,NA,"test"
469,"condition1",103,"WH",NA,"mismatch","13","SUBJ","test",1,51,"SUBJ",50,NA,9.004916667,NA,"test"
469,"condition1",103,"WH",NA,"mismatch","102","FILL","test",1,182,"SUBJ",51,NA,9.004916667,NA,"test"
469,"condition1",103,"WH",NA,"mismatch","11","SUBJ","test",1,43,"SUBJ",52,NA,9.004916667,NA,"test"
459,"condition1",1,"WH",NA,"mismatch","24","WH","exposure",0,94,"SUBJ",1,NA,6.5636,NA,"pre-exposure"
459,"condition1",1,"WH",NA,"mismatch","128","UNGRAM","exposure",0,208,"SUBJ",2,NA,6.5636,NA,"pre-exposure"
459,"condition1",1,"WH",NA,"mismatch","23","WH","exposure",0.78,90,"SUBJ",3,NA,6.5636,NA,"pre-exposure"
459,"condition1",1,"WH",NA,"mismatch","102","FILL","exposure",0.87,182,"SUBJ",4,NA,6.5636,NA,"pre-exposure"
459,"condition1",2,"WH",NA,"mismatch","10","WH","exposure",0,38,"SUBJ",5,NA,6.5636,NA,"pre-exposure"
459,"condition1",2,"WH",NA,"mismatch","16","WH","exposure",0.31,62,"SUBJ",6,NA,6.5636,NA,"pre-exposure"
459,"condition1",2,"WH",NA,"mismatch","129","UNGRAM","exposure",0,209,"SUBJ",7,NA,6.5636,NA,"exposure"
459,"condition1",2,"WH",NA,"mismatch","105","FILL","exposure",0.61,185,"SUBJ",8,NA,6.5636,NA,"exposure"
459,"condition1",3,"WH",NA,"mismatch","101","FILL","exposure",1,181,"SUBJ",9,NA,6.5636,NA,"exposure"
459,"condition1",3,"WH",NA,"mismatch","15","WH","exposure",0.28,58,"SUBJ",10,NA,6.5636,NA,"exposure"
459,"condition1",3,"WH",NA,"mismatch","3","WH","exposure",0,10,"SUBJ",11,NA,6.5636,NA,"exposure"
459,"condition1",3,"WH",NA,"mismatch","124","UNGRAM","exposure",0,204,"SUBJ",12,NA,6.5636,NA,"exposure"
459,"condition1",4,"WH",NA,"mismatch","19","WH","exposure",0.42,74,"SUBJ",13,NA,6.5636,NA,"exposure"
459,"condition1",4,"WH",NA,"mismatch","112","FILL","exposure",1,192,"SUBJ",14,NA,6.5636,NA,"exposure"
459,"condition1",4,"WH",NA,"mismatch","2","WH","exposure",0.31,6,"SUBJ",15,NA,6.5636,NA,"exposure"
459,"condition1",4,"WH",NA,"mismatch","125","UNGRAM","exposure",0,205,"SUBJ",16,NA,6.5636,NA,"exposure"
459,"condition1",5,"WH",NA,"mismatch","9","WH","exposure",0.19,34,"SUBJ",17,NA,6.5636,NA,"exposure"
459,"condition1",5,"WH",NA,"mismatch","111","FILL","exposure",1,191,"SUBJ",18,NA,6.5636,NA,"exposure"
459,"condition1",5,"WH",NA,"mismatch","127","UNGRAM","exposure",0,207,"SUBJ",19,NA,6.5636,NA,"exposure"
459,"condition1",5,"WH",NA,"mismatch","5","WH","exposure",1,18,"SUBJ",20,NA,6.5636,NA,"exposure"
459,"condition1",6,"WH",NA,"mismatch","1","WH","exposure",1,2,"SUBJ",21,NA,6.5636,NA,"exposure"
459,"condition1",6,"WH",NA,"mismatch","117","UNGRAM","exposure",0,197,"SUBJ",22,NA,6.5636,NA,"exposure"
459,"condition1",6,"WH",NA,"mismatch","110","FILL","exposure",1,190,"SUBJ",23,NA,6.5636,NA,"exposure"
459,"condition1",6,"WH",NA,"mismatch","4","WH","exposure",0.69,14,"SUBJ",24,NA,6.5636,NA,"exposure"
459,"condition1",7,"WH",NA,"mismatch","8","WH","exposure",1,30,"SUBJ",25,NA,6.5636,NA,"exposure"
459,"condition1",7,"WH",NA,"mismatch","107","FILL","exposure",0.59,187,"SUBJ",26,NA,6.5636,NA,"exposure"
459,"condition1",7,"WH",NA,"mismatch","12","WH","exposure",0.21,46,"SUBJ",27,NA,6.5636,NA,"exposure"
459,"condition1",7,"WH",NA,"mismatch","120","UNGRAM","exposure",0,200,"SUBJ",28,NA,6.5636,NA,"exposure"
459,"condition1",8,"WH",NA,"mismatch","106","FILL","exposure",0.7,186,"SUBJ",29,NA,6.5636,NA,"exposure"
459,"condition1",8,"WH",NA,"mismatch","123","UNGRAM","exposure",0,203,"SUBJ",30,NA,6.5636,NA,"exposure"
459,"condition1",8,"WH",NA,"mismatch","22","WH","exposure",0.73,86,"SUBJ",31,NA,6.5636,NA,"exposure"
459,"condition1",8,"WH",NA,"mismatch","17","WH","exposure",0.15,66,"SUBJ",32,NA,6.5636,NA,"exposure"
459,"condition1",9,"WH",NA,"mismatch","14","WH","exposure",0,54,"SUBJ",33,NA,6.5636,NA,"exposure"
459,"condition1",9,"WH",NA,"mismatch","122","UNGRAM","exposure",0,202,"SUBJ",34,NA,6.5636,NA,"exposure"
459,"condition1",9,"WH",NA,"mismatch","25","WH","exposure",0.67,98,"SUBJ",35,NA,6.5636,NA,"exposure"
459,"condition1",9,"WH",NA,"mismatch","108","FILL","exposure",0.93,188,"SUBJ",36,NA,6.5636,NA,"exposure"
459,"condition1",10,"WH",NA,"mismatch","113","FILL","exposure",1,193,"SUBJ",37,NA,6.5636,NA,"exposure"
459,"condition1",10,"WH",NA,"mismatch","21","WH","exposure",0.89,82,"SUBJ",38,NA,6.5636,NA,"exposure"
459,"condition1",10,"WH",NA,"mismatch","13","WH","exposure",1,50,"SUBJ",39,NA,6.5636,NA,"exposure"
459,"condition1",10,"WH",NA,"mismatch","126","UNGRAM","exposure",0,206,"SUBJ",40,NA,6.5636,NA,"exposure"
459,"condition1",101,"WH",NA,"mismatch","119","UNGRAM","test",0,199,"SUBJ",41,NA,6.5636,NA,"test"
459,"condition1",101,"WH",NA,"mismatch","20","SUBJ","test",0,79,"SUBJ",42,NA,6.5636,NA,"test"
459,"condition1",101,"WH",NA,"mismatch","26","SUBJ","test",0,103,"SUBJ",43,NA,6.5636,NA,"test"
459,"condition1",101,"WH",NA,"mismatch","104","FILL","test",0.94,184,"SUBJ",44,NA,6.5636,NA,"test"
459,"condition1",102,"WH",NA,"mismatch","18","SUBJ","test",0.63,71,"SUBJ",45,NA,6.5636,NA,"test"
459,"condition1",102,"WH",NA,"mismatch","11","SUBJ","test",0.95,43,"SUBJ",46,NA,6.5636,NA,"test"
459,"condition1",102,"WH",NA,"mismatch","118","UNGRAM","test",0,198,"SUBJ",47,NA,6.5636,NA,"test"
459,"condition1",102,"WH",NA,"mismatch","109","FILL","test",0.95,189,"SUBJ",48,NA,6.5636,NA,"test"
459,"condition1",103,"WH",NA,"mismatch","6","SUBJ","test",0.85,23,"SUBJ",49,NA,6.5636,NA,"test"
459,"condition1",103,"WH",NA,"mismatch","103","FILL","test",1,183,"SUBJ",50,NA,6.5636,NA,"test"
459,"condition1",103,"WH",NA,"mismatch","121","UNGRAM","test",0,201,"SUBJ",51,NA,6.5636,NA,"test"
459,"condition1",103,"WH",NA,"mismatch","7","SUBJ","test",0.94,27,"SUBJ",52,NA,6.5636,NA,"test"
462,"condition1",1,"SUBJ",NA,"mismatch","118","UNGRAM","exposure",0,198,"WH",1,NA,11.7405,NA,"pre-exposure"
462,"condition1",1,"SUBJ",NA,"mismatch","9","SUBJ","exposure",0.02,35,"WH",2,NA,11.7405,NA,"pre-exposure"
462,"condition1",1,"SUBJ",NA,"mismatch","110","FILL","exposure",0.98,190,"WH",3,NA,11.7405,NA,"pre-exposure"
462,"condition1",1,"SUBJ",NA,"mismatch","13","SUBJ","exposure",0.01,51,"WH",4,NA,11.7405,NA,"pre-exposure"
462,"condition1",2,"SUBJ",NA,"mismatch","24","SUBJ","exposure",0,95,"WH",5,NA,11.7405,NA,"pre-exposure"
462,"condition1",2,"SUBJ",NA,"mismatch","117","UNGRAM","exposure",0.02,197,"WH",6,NA,11.7405,NA,"pre-exposure"
462,"condition1",2,"SUBJ",NA,"mismatch","112","FILL","exposure",0.98,192,"WH",7,NA,11.7405,NA,"exposure"
462,"condition1",2,"SUBJ",NA,"mismatch","23","SUBJ","exposure",0.26,91,"WH",8,NA,11.7405,NA,"exposure"
462,"condition1",3,"SUBJ",NA,"mismatch","126","UNGRAM","exposure",0.02,206,"WH",9,NA,11.7405,NA,"exposure"
462,"condition1",3,"SUBJ",NA,"mismatch","10","SUBJ","exposure",0.06,39,"WH",10,NA,11.7405,NA,"exposure"
462,"condition1",3,"SUBJ",NA,"mismatch","16","SUBJ","exposure",0.07,63,"WH",11,NA,11.7405,NA,"exposure"
462,"condition1",3,"SUBJ",NA,"mismatch","113","FILL","exposure",0.58,193,"WH",12,NA,11.7405,NA,"exposure"
462,"condition1",4,"SUBJ",NA,"mismatch","125","UNGRAM","exposure",0.03,205,"WH",13,NA,11.7405,NA,"exposure"
462,"condition1",4,"SUBJ",NA,"mismatch","103","FILL","exposure",0.97,183,"WH",14,NA,11.7405,NA,"exposure"
462,"condition1",4,"SUBJ",NA,"mismatch","6","SUBJ","exposure",0,23,"WH",15,NA,11.7405,NA,"exposure"
462,"condition1",4,"SUBJ",NA,"mismatch","25","SUBJ","exposure",0.01,99,"WH",16,NA,11.7405,NA,"exposure"
462,"condition1",5,"SUBJ",NA,"mismatch","105","FILL","exposure",0.97,185,"WH",17,NA,11.7405,NA,"exposure"
462,"condition1",5,"SUBJ",NA,"mismatch","122","UNGRAM","exposure",0,202,"WH",18,NA,11.7405,NA,"exposure"
462,"condition1",5,"SUBJ",NA,"mismatch","8","SUBJ","exposure",0.02,31,"WH",19,NA,11.7405,NA,"exposure"
462,"condition1",5,"SUBJ",NA,"mismatch","1","SUBJ","exposure",0.02,3,"WH",20,NA,11.7405,NA,"exposure"
462,"condition1",6,"SUBJ",NA,"mismatch","20","SUBJ","exposure",0.34,79,"WH",21,NA,11.7405,NA,"exposure"
462,"condition1",6,"SUBJ",NA,"mismatch","15","SUBJ","exposure",0.15,59,"WH",22,NA,11.7405,NA,"exposure"
462,"condition1",6,"SUBJ",NA,"mismatch","127","UNGRAM","exposure",0,207,"WH",23,NA,11.7405,NA,"exposure"
462,"condition1",6,"SUBJ",NA,"mismatch","104","FILL","exposure",0.98,184,"WH",24,NA,11.7405,NA,"exposure"
462,"condition1",7,"SUBJ",NA,"mismatch","111","FILL","exposure",1,191,"WH",25,NA,11.7405,NA,"exposure"
462,"condition1",7,"SUBJ",NA,"mismatch","22","SUBJ","exposure",0.29,87,"WH",26,NA,11.7405,NA,"exposure"
462,"condition1",7,"SUBJ",NA,"mismatch","128","UNGRAM","exposure",0.03,208,"WH",27,NA,11.7405,NA,"exposure"
462,"condition1",7,"SUBJ",NA,"mismatch","18","SUBJ","exposure",0.04,71,"WH",28,NA,11.7405,NA,"exposure"
462,"condition1",8,"SUBJ",NA,"mismatch","4","SUBJ","exposure",0.02,15,"WH",29,NA,11.7405,NA,"exposure"
462,"condition1",8,"SUBJ",NA,"mismatch","19","SUBJ","exposure",0.05,75,"WH",30,NA,11.7405,NA,"exposure"
462,"condition1",8,"SUBJ",NA,"mismatch","101","FILL","exposure",0.98,181,"WH",31,NA,11.7405,NA,"exposure"
462,"condition1",8,"SUBJ",NA,"mismatch","124","UNGRAM","exposure",0,204,"WH",32,NA,11.7405,NA,"exposure"
462,"condition1",9,"SUBJ",NA,"mismatch","129","UNGRAM","exposure",0.02,209,"WH",33,NA,11.7405,NA,"exposure"
462,"condition1",9,"SUBJ",NA,"mismatch","12","SUBJ","exposure",0.77,47,"WH",34,NA,11.7405,NA,"exposure"
462,"condition1",9,"SUBJ",NA,"mismatch","109","FILL","exposure",0.99,189,"WH",35,NA,11.7405,NA,"exposure"
462,"condition1",9,"SUBJ",NA,"mismatch","2","SUBJ","exposure",0.69,7,"WH",36,NA,11.7405,NA,"exposure"
462,"condition1",10,"SUBJ",NA,"mismatch","102","FILL","exposure",0.98,182,"WH",37,NA,11.7405,NA,"exposure"
462,"condition1",10,"SUBJ",NA,"mismatch","123","UNGRAM","exposure",0,203,"WH",38,NA,11.7405,NA,"exposure"
462,"condition1",10,"SUBJ",NA,"mismatch","21","SUBJ","exposure",0.5,83,"WH",39,NA,11.7405,NA,"exposure"
462,"condition1",10,"SUBJ",NA,"mismatch","14","SUBJ","exposure",0.88,55,"WH",40,NA,11.7405,NA,"exposure"
462,"condition1",101,"SUBJ",NA,"mismatch","26","WH","test",0.77,102,"WH",41,NA,11.7405,NA,"test"
462,"condition1",101,"SUBJ",NA,"mismatch","119","UNGRAM","test",0,199,"WH",42,NA,11.7405,NA,"test"
462,"condition1",101,"SUBJ",NA,"mismatch","17","WH","test",0.52,66,"WH",43,NA,11.7405,NA,"test"
462,"condition1",101,"SUBJ",NA,"mismatch","106","FILL","test",0.98,186,"WH",44,NA,11.7405,NA,"test"
462,"condition1",102,"SUBJ",NA,"mismatch","7","WH","test",0.21,26,"WH",45,NA,11.7405,NA,"test"
462,"condition1",102,"SUBJ",NA,"mismatch","11","WH","test",0.87,42,"WH",46,NA,11.7405,NA,"test"
462,"condition1",102,"SUBJ",NA,"mismatch","120","UNGRAM","test",0.02,200,"WH",47,NA,11.7405,NA,"test"
462,"condition1",102,"SUBJ",NA,"mismatch","107","FILL","test",0.99,187,"WH",48,NA,11.7405,NA,"test"
462,"condition1",103,"SUBJ",NA,"mismatch","5","WH","test",0.66,18,"WH",49,NA,11.7405,NA,"test"
462,"condition1",103,"SUBJ",NA,"mismatch","108","FILL","test",0.99,188,"WH",50,NA,11.7405,NA,"test"
462,"condition1",103,"SUBJ",NA,"mismatch","121","UNGRAM","test",0.01,201,"WH",51,NA,11.7405,NA,"test"
462,"condition1",103,"SUBJ",NA,"mismatch","3","WH","test",0.96,10,"WH",52,NA,11.7405,NA,"test"
465,"condition1",1,"POLAR",NA,"control","16","POLAR","exposure",0.99,64,"SUBJ",1,NA,11.26618333,NA,"pre-exposure"
465,"condition1",1,"POLAR",NA,"control","124","UNGRAM","exposure",0.03,204,"SUBJ",2,NA,11.26618333,NA,"pre-exposure"
465,"condition1",1,"POLAR",NA,"control","3","POLAR","exposure",0.98,12,"SUBJ",3,NA,11.26618333,NA,"pre-exposure"
465,"condition1",1,"POLAR",NA,"control","104","FILL","exposure",0.92,184,"SUBJ",4,NA,11.26618333,NA,"pre-exposure"
465,"condition1",2,"POLAR",NA,"control","24","POLAR","exposure",0.99,96,"SUBJ",5,NA,11.26618333,NA,"pre-exposure"
465,"condition1",2,"POLAR",NA,"control","7","POLAR","exposure",0.93,28,"SUBJ",6,NA,11.26618333,NA,"pre-exposure"
465,"condition1",2,"POLAR",NA,"control","117","UNGRAM","exposure",0,197,"SUBJ",7,NA,11.26618333,NA,"exposure"
465,"condition1",2,"POLAR",NA,"control","110","FILL","exposure",0.98,190,"SUBJ",8,NA,11.26618333,NA,"exposure"
465,"condition1",3,"POLAR",NA,"control","8","POLAR","exposure",0.97,32,"SUBJ",9,NA,11.26618333,NA,"exposure"
465,"condition1",3,"POLAR",NA,"control","108","FILL","exposure",0.9,188,"SUBJ",10,NA,11.26618333,NA,"exposure"
465,"condition1",3,"POLAR",NA,"control","15","POLAR","exposure",0.97,60,"SUBJ",11,NA,11.26618333,NA,"exposure"
465,"condition1",3,"POLAR",NA,"control","128","UNGRAM","exposure",0,208,"SUBJ",12,NA,11.26618333,NA,"exposure"
465,"condition1",4,"POLAR",NA,"control","118","UNGRAM","exposure",0.02,198,"SUBJ",13,NA,11.26618333,NA,"exposure"
465,"condition1",4,"POLAR",NA,"control","19","POLAR","exposure",0.94,76,"SUBJ",14,NA,11.26618333,NA,"exposure"
465,"condition1",4,"POLAR",NA,"control","111","FILL","exposure",0.33,191,"SUBJ",15,NA,11.26618333,NA,"exposure"
465,"condition1",4,"POLAR",NA,"control","2","POLAR","exposure",1,8,"SUBJ",16,NA,11.26618333,NA,"exposure"
465,"condition1",5,"POLAR",NA,"control","122","UNGRAM","exposure",0.07,202,"SUBJ",17,NA,11.26618333,NA,"exposure"
465,"condition1",5,"POLAR",NA,"control","102","FILL","exposure",0.99,182,"SUBJ",18,NA,11.26618333,NA,"exposure"
465,"condition1",5,"POLAR",NA,"control","22","POLAR","exposure",0.98,88,"SUBJ",19,NA,11.26618333,NA,"exposure"
465,"condition1",5,"POLAR",NA,"control","18","POLAR","exposure",0.98,72,"SUBJ",20,NA,11.26618333,NA,"exposure"
465,"condition1",6,"POLAR",NA,"control","1","POLAR","exposure",0.99,4,"SUBJ",21,NA,11.26618333,NA,"exposure"
465,"condition1",6,"POLAR",NA,"control","106","FILL","exposure",0.98,186,"SUBJ",22,NA,11.26618333,NA,"exposure"
465,"condition1",6,"POLAR",NA,"control","126","UNGRAM","exposure",0.01,206,"SUBJ",23,NA,11.26618333,NA,"exposure"
465,"condition1",6,"POLAR",NA,"control","23","POLAR","exposure",0.97,92,"SUBJ",24,NA,11.26618333,NA,"exposure"
465,"condition1",7,"POLAR",NA,"control","109","FILL","exposure",0.97,189,"SUBJ",25,NA,11.26618333,NA,"exposure"
465,"condition1",7,"POLAR",NA,"control","21","POLAR","exposure",0.98,84,"SUBJ",26,NA,11.26618333,NA,"exposure"
465,"condition1",7,"POLAR",NA,"control","13","POLAR","exposure",0.99,52,"SUBJ",27,NA,11.26618333,NA,"exposure"
465,"condition1",7,"POLAR",NA,"control","129","UNGRAM","exposure",0.01,209,"SUBJ",28,NA,11.26618333,NA,"exposure"
465,"condition1",8,"POLAR",NA,"control","105","FILL","exposure",0.99,185,"SUBJ",29,NA,11.26618333,NA,"exposure"
465,"condition1",8,"POLAR",NA,"control","120","UNGRAM","exposure",0.01,200,"SUBJ",30,NA,11.26618333,NA,"exposure"
465,"condition1",8,"POLAR",NA,"control","25","POLAR","exposure",0.99,100,"SUBJ",31,NA,11.26618333,NA,"exposure"
465,"condition1",8,"POLAR",NA,"control","14","POLAR","exposure",0.99,56,"SUBJ",32,NA,11.26618333,NA,"exposure"
465,"condition1",9,"POLAR",NA,"control","17","POLAR","exposure",0.97,68,"SUBJ",33,NA,11.26618333,NA,"exposure"
465,"condition1",9,"POLAR",NA,"control","9","POLAR","exposure",0.93,36,"SUBJ",34,NA,11.26618333,NA,"exposure"
465,"condition1",9,"POLAR",NA,"control","112","FILL","exposure",1,192,"SUBJ",35,NA,11.26618333,NA,"exposure"
465,"condition1",9,"POLAR",NA,"control","123","UNGRAM","exposure",0.02,203,"SUBJ",36,NA,11.26618333,NA,"exposure"
465,"condition1",10,"POLAR",NA,"control","113","FILL","exposure",0.98,193,"SUBJ",37,NA,11.26618333,NA,"exposure"
465,"condition1",10,"POLAR",NA,"control","20","POLAR","exposure",0.98,80,"SUBJ",38,NA,11.26618333,NA,"exposure"
465,"condition1",10,"POLAR",NA,"control","119","UNGRAM","exposure",0.02,199,"SUBJ",39,NA,11.26618333,NA,"exposure"
465,"condition1",10,"POLAR",NA,"control","5","POLAR","exposure",0.99,20,"SUBJ",40,NA,11.26618333,NA,"exposure"
465,"condition1",101,"POLAR",NA,"control","12","SUBJ","test",0.81,47,"SUBJ",41,NA,11.26618333,NA,"test"
465,"condition1",101,"POLAR",NA,"control","107","FILL","test",0.99,187,"SUBJ",42,NA,11.26618333,NA,"test"
465,"condition1",101,"POLAR",NA,"control","127","UNGRAM","test",0.01,207,"SUBJ",43,NA,11.26618333,NA,"test"
465,"condition1",101,"POLAR",NA,"control","26","SUBJ","test",0.88,103,"SUBJ",44,NA,11.26618333,NA,"test"
465,"condition1",102,"POLAR",NA,"control","11","SUBJ","test",0.99,43,"SUBJ",45,NA,11.26618333,NA,"test"
465,"condition1",102,"POLAR",NA,"control","10","SUBJ","test",0.98,39,"SUBJ",46,NA,11.26618333,NA,"test"
465,"condition1",102,"POLAR",NA,"control","125","UNGRAM","test",0.04,205,"SUBJ",47,NA,11.26618333,NA,"test"
465,"condition1",102,"POLAR",NA,"control","101","FILL","test",0.98,181,"SUBJ",48,NA,11.26618333,NA,"test"
465,"condition1",103,"POLAR",NA,"control","6","SUBJ","test",0.87,23,"SUBJ",49,NA,11.26618333,NA,"test"
465,"condition1",103,"POLAR",NA,"control","4","SUBJ","test",0.75,15,"SUBJ",50,NA,11.26618333,NA,"test"
465,"condition1",103,"POLAR",NA,"control","121","UNGRAM","test",0.02,201,"SUBJ",51,NA,11.26618333,NA,"test"
465,"condition1",103,"POLAR",NA,"control","103","FILL","test",0.92,183,"SUBJ",52,NA,11.26618333,NA,"test"
463,"condition1",1,"SUBJ",NA,"mismatch","109","FILL","exposure",0.98,189,"WH",1,NA,6.605583333,NA,"pre-exposure"
463,"condition1",1,"SUBJ",NA,"mismatch","120","UNGRAM","exposure",0,200,"WH",2,NA,6.605583333,NA,"pre-exposure"
463,"condition1",1,"SUBJ",NA,"mismatch","13","SUBJ","exposure",0.14,51,"WH",3,NA,6.605583333,NA,"pre-exposure"
463,"condition1",1,"SUBJ",NA,"mismatch","23","SUBJ","exposure",0.18,91,"WH",4,NA,6.605583333,NA,"pre-exposure"
463,"condition1",2,"SUBJ",NA,"mismatch","24","SUBJ","exposure",0.16,95,"WH",5,NA,6.605583333,NA,"pre-exposure"
463,"condition1",2,"SUBJ",NA,"mismatch","118","UNGRAM","exposure",0.01,198,"WH",6,NA,6.605583333,NA,"pre-exposure"
463,"condition1",2,"SUBJ",NA,"mismatch","10","SUBJ","exposure",0.13,39,"WH",7,NA,6.605583333,NA,"exposure"
463,"condition1",2,"SUBJ",NA,"mismatch","103","FILL","exposure",0.97,183,"WH",8,NA,6.605583333,NA,"exposure"
463,"condition1",3,"SUBJ",NA,"mismatch","9","SUBJ","exposure",0.06,35,"WH",9,NA,6.605583333,NA,"exposure"
463,"condition1",3,"SUBJ",NA,"mismatch","104","FILL","exposure",0.99,184,"WH",10,NA,6.605583333,NA,"exposure"
463,"condition1",3,"SUBJ",NA,"mismatch","125","UNGRAM","exposure",0,205,"WH",11,NA,6.605583333,NA,"exposure"
463,"condition1",3,"SUBJ",NA,"mismatch","5","SUBJ","exposure",0.48,19,"WH",12,NA,6.605583333,NA,"exposure"
463,"condition1",4,"SUBJ",NA,"mismatch","121","UNGRAM","exposure",0.01,201,"WH",13,NA,6.605583333,NA,"exposure"
463,"condition1",4,"SUBJ",NA,"mismatch","25","SUBJ","exposure",0.19,99,"WH",14,NA,6.605583333,NA,"exposure"
463,"condition1",4,"SUBJ",NA,"mismatch","111","FILL","exposure",0.97,191,"WH",15,NA,6.605583333,NA,"exposure"
463,"condition1",4,"SUBJ",NA,"mismatch","14","SUBJ","exposure",0.09,55,"WH",16,NA,6.605583333,NA,"exposure"
463,"condition1",5,"SUBJ",NA,"mismatch","21","SUBJ","exposure",0.26,83,"WH",17,NA,6.605583333,NA,"exposure"
463,"condition1",5,"SUBJ",NA,"mismatch","106","FILL","exposure",0.97,186,"WH",18,NA,6.605583333,NA,"exposure"
463,"condition1",5,"SUBJ",NA,"mismatch","119","UNGRAM","exposure",0.14,199,"WH",19,NA,6.605583333,NA,"exposure"
463,"condition1",5,"SUBJ",NA,"mismatch","20","SUBJ","exposure",0.55,79,"WH",20,NA,6.605583333,NA,"exposure"
463,"condition1",6,"SUBJ",NA,"mismatch","127","UNGRAM","exposure",0.07,207,"WH",21,NA,6.605583333,NA,"exposure"
463,"condition1",6,"SUBJ",NA,"mismatch","18","SUBJ","exposure",0.65,71,"WH",22,NA,6.605583333,NA,"exposure"
463,"condition1",6,"SUBJ",NA,"mismatch","112","FILL","exposure",0.97,192,"WH",23,NA,6.605583333,NA,"exposure"
463,"condition1",6,"SUBJ",NA,"mismatch","12","SUBJ","exposure",0.81,47,"WH",24,NA,6.605583333,NA,"exposure"
463,"condition1",7,"SUBJ",NA,"mismatch","6","SUBJ","exposure",0.03,23,"WH",25,NA,6.605583333,NA,"exposure"
463,"condition1",7,"SUBJ",NA,"mismatch","124","UNGRAM","exposure",0.01,204,"WH",26,NA,6.605583333,NA,"exposure"
463,"condition1",7,"SUBJ",NA,"mismatch","11","SUBJ","exposure",0.79,43,"WH",27,NA,6.605583333,NA,"exposure"
463,"condition1",7,"SUBJ",NA,"mismatch","101","FILL","exposure",0.99,181,"WH",28,NA,6.605583333,NA,"exposure"
463,"condition1",8,"SUBJ",NA,"mismatch","110","FILL","exposure",1,190,"WH",29,NA,6.605583333,NA,"exposure"
463,"condition1",8,"SUBJ",NA,"mismatch","1","SUBJ","exposure",0.92,3,"WH",30,NA,6.605583333,NA,"exposure"
463,"condition1",8,"SUBJ",NA,"mismatch","122","UNGRAM","exposure",0.01,202,"WH",31,NA,6.605583333,NA,"exposure"
463,"condition1",8,"SUBJ",NA,"mismatch","17","SUBJ","exposure",0.26,67,"WH",32,NA,6.605583333,NA,"exposure"
463,"condition1",9,"SUBJ",NA,"mismatch","4","SUBJ","exposure",0.22,15,"WH",33,NA,6.605583333,NA,"exposure"
463,"condition1",9,"SUBJ",NA,"mismatch","117","UNGRAM","exposure",0.02,197,"WH",34,NA,6.605583333,NA,"exposure"
463,"condition1",9,"SUBJ",NA,"mismatch","113","FILL","exposure",0.83,193,"WH",35,NA,6.605583333,NA,"exposure"
463,"condition1",9,"SUBJ",NA,"mismatch","16","SUBJ","exposure",0.16,63,"WH",36,NA,6.605583333,NA,"exposure"
463,"condition1",10,"SUBJ",NA,"mismatch","26","SUBJ","exposure",0.13,103,"WH",37,NA,6.605583333,NA,"exposure"
463,"condition1",10,"SUBJ",NA,"mismatch","123","UNGRAM","exposure",0.01,203,"WH",38,NA,6.605583333,NA,"exposure"
463,"condition1",10,"SUBJ",NA,"mismatch","15","SUBJ","exposure",0.24,59,"WH",39,NA,6.605583333,NA,"exposure"
463,"condition1",10,"SUBJ",NA,"mismatch","108","FILL","exposure",1,188,"WH",40,NA,6.605583333,NA,"exposure"
463,"condition1",101,"SUBJ",NA,"mismatch","19","WH","test",0.18,74,"WH",41,NA,6.605583333,NA,"test"
463,"condition1",101,"SUBJ",NA,"mismatch","129","UNGRAM","test",0.02,209,"WH",42,NA,6.605583333,NA,"test"
463,"condition1",101,"SUBJ",NA,"mismatch","22","WH","test",0.01,86,"WH",43,NA,6.605583333,NA,"test"
463,"condition1",101,"SUBJ",NA,"mismatch","107","FILL","test",0.98,187,"WH",44,NA,6.605583333,NA,"test"
463,"condition1",102,"SUBJ",NA,"mismatch","128","UNGRAM","test",0.02,208,"WH",45,NA,6.605583333,NA,"test"
463,"condition1",102,"SUBJ",NA,"mismatch","8","WH","test",0.24,30,"WH",46,NA,6.605583333,NA,"test"
463,"condition1",102,"SUBJ",NA,"mismatch","7","WH","test",0.37,26,"WH",47,NA,6.605583333,NA,"test"
463,"condition1",102,"SUBJ",NA,"mismatch","102","FILL","test",0.98,182,"WH",48,NA,6.605583333,NA,"test"
463,"condition1",103,"SUBJ",NA,"mismatch","105","FILL","test",0.98,185,"WH",49,NA,6.605583333,NA,"test"
463,"condition1",103,"SUBJ",NA,"mismatch","3","WH","test",0.54,10,"WH",50,NA,6.605583333,NA,"test"
463,"condition1",103,"SUBJ",NA,"mismatch","2","WH","test",0.61,6,"WH",51,NA,6.605583333,NA,"test"
463,"condition1",103,"SUBJ",NA,"mismatch","126","UNGRAM","test",0,206,"WH",52,NA,6.605583333,NA,"test"
467,"condition1",1,"SUBJ",NA,"mismatch","121","UNGRAM","exposure",0.01,201,"WH",1,NA,23.7333,NA,"pre-exposure"
467,"condition1",1,"SUBJ",NA,"mismatch","9","SUBJ","exposure",0.74,35,"WH",2,NA,23.7333,NA,"pre-exposure"
467,"condition1",1,"SUBJ",NA,"mismatch","113","FILL","exposure",0.91,193,"WH",3,NA,23.7333,NA,"pre-exposure"
467,"condition1",1,"SUBJ",NA,"mismatch","2","SUBJ","exposure",0.38,7,"WH",4,NA,23.7333,NA,"pre-exposure"
467,"condition1",2,"SUBJ",NA,"mismatch","10","SUBJ","exposure",0.37,39,"WH",5,NA,23.7333,NA,"pre-exposure"
467,"condition1",2,"SUBJ",NA,"mismatch","17","SUBJ","exposure",0.54,67,"WH",6,NA,23.7333,NA,"pre-exposure"
467,"condition1",2,"SUBJ",NA,"mismatch","105","FILL","exposure",0.88,185,"WH",7,NA,23.7333,NA,"exposure"
467,"condition1",2,"SUBJ",NA,"mismatch","126","UNGRAM","exposure",0.01,206,"WH",8,NA,23.7333,NA,"exposure"
467,"condition1",3,"SUBJ",NA,"mismatch","109","FILL","exposure",0.91,189,"WH",9,NA,23.7333,NA,"exposure"
467,"condition1",3,"SUBJ",NA,"mismatch","25","SUBJ","exposure",0.66,99,"WH",10,NA,23.7333,NA,"exposure"
467,"condition1",3,"SUBJ",NA,"mismatch","13","SUBJ","exposure",0.21,51,"WH",11,NA,23.7333,NA,"exposure"
467,"condition1",3,"SUBJ",NA,"mismatch","119","UNGRAM","exposure",0.01,199,"WH",12,NA,23.7333,NA,"exposure"
467,"condition1",4,"SUBJ",NA,"mismatch","118","UNGRAM","exposure",0.06,198,"WH",13,NA,23.7333,NA,"exposure"
467,"condition1",4,"SUBJ",NA,"mismatch","24","SUBJ","exposure",0.05,95,"WH",14,NA,23.7333,NA,"exposure"
467,"condition1",4,"SUBJ",NA,"mismatch","22","SUBJ","exposure",0.86,87,"WH",15,NA,23.7333,NA,"exposure"
467,"condition1",4,"SUBJ",NA,"mismatch","107","FILL","exposure",0.9,187,"WH",16,NA,23.7333,NA,"exposure"
467,"condition1",5,"SUBJ",NA,"mismatch","6","SUBJ","exposure",0.1,23,"WH",17,NA,23.7333,NA,"exposure"
467,"condition1",5,"SUBJ",NA,"mismatch","112","FILL","exposure",0.99,192,"WH",18,NA,23.7333,NA,"exposure"
467,"condition1",5,"SUBJ",NA,"mismatch","23","SUBJ","exposure",0.71,91,"WH",19,NA,23.7333,NA,"exposure"
467,"condition1",5,"SUBJ",NA,"mismatch","120","UNGRAM","exposure",0,200,"WH",20,NA,23.7333,NA,"exposure"
467,"condition1",6,"SUBJ",NA,"mismatch","21","SUBJ","exposure",0.79,83,"WH",21,NA,23.7333,NA,"exposure"
467,"condition1",6,"SUBJ",NA,"mismatch","129","UNGRAM","exposure",0.02,209,"WH",22,NA,23.7333,NA,"exposure"
467,"condition1",6,"SUBJ",NA,"mismatch","103","FILL","exposure",0.99,183,"WH",23,NA,23.7333,NA,"exposure"
467,"condition1",6,"SUBJ",NA,"mismatch","18","SUBJ","exposure",0.53,71,"WH",24,NA,23.7333,NA,"exposure"
467,"condition1",7,"SUBJ",NA,"mismatch","8","SUBJ","exposure",0.71,31,"WH",25,NA,23.7333,NA,"exposure"
467,"condition1",7,"SUBJ",NA,"mismatch","7","SUBJ","exposure",0.66,27,"WH",26,NA,23.7333,NA,"exposure"
467,"condition1",7,"SUBJ",NA,"mismatch","125","UNGRAM","exposure",0.01,205,"WH",27,NA,23.7333,NA,"exposure"
467,"condition1",7,"SUBJ",NA,"mismatch","111","FILL","exposure",0.98,191,"WH",28,NA,23.7333,NA,"exposure"
467,"condition1",8,"SUBJ",NA,"mismatch","104","FILL","exposure",0.98,184,"WH",29,NA,23.7333,NA,"exposure"
467,"condition1",8,"SUBJ",NA,"mismatch","26","SUBJ","exposure",0.87,103,"WH",30,NA,23.7333,NA,"exposure"
467,"condition1",8,"SUBJ",NA,"mismatch","117","UNGRAM","exposure",0.01,197,"WH",31,NA,23.7333,NA,"exposure"
467,"condition1",8,"SUBJ",NA,"mismatch","19","SUBJ","exposure",0.75,75,"WH",32,NA,23.7333,NA,"exposure"
467,"condition1",9,"SUBJ",NA,"mismatch","108","FILL","exposure",0.99,188,"WH",33,NA,23.7333,NA,"exposure"
467,"condition1",9,"SUBJ",NA,"mismatch","12","SUBJ","exposure",0.94,47,"WH",34,NA,23.7333,NA,"exposure"
467,"condition1",9,"SUBJ",NA,"mismatch","122","UNGRAM","exposure",0,202,"WH",35,NA,23.7333,NA,"exposure"
467,"condition1",9,"SUBJ",NA,"mismatch","15","SUBJ","exposure",0.8,59,"WH",36,NA,23.7333,NA,"exposure"
467,"condition1",10,"SUBJ",NA,"mismatch","127","UNGRAM","exposure",0.02,207,"WH",37,NA,23.7333,NA,"exposure"
467,"condition1",10,"SUBJ",NA,"mismatch","110","FILL","exposure",0.97,190,"WH",38,NA,23.7333,NA,"exposure"
467,"condition1",10,"SUBJ",NA,"mismatch","4","SUBJ","exposure",0.36,15,"WH",39,NA,23.7333,NA,"exposure"
467,"condition1",10,"SUBJ",NA,"mismatch","16","SUBJ","exposure",0.48,63,"WH",40,NA,23.7333,NA,"exposure"
467,"condition1",101,"SUBJ",NA,"mismatch","106","FILL","test",0.99,186,"WH",41,NA,23.7333,NA,"test"
467,"condition1",101,"SUBJ",NA,"mismatch","128","UNGRAM","test",0.01,208,"WH",42,NA,23.7333,NA,"test"
467,"condition1",101,"SUBJ",NA,"mismatch","20","WH","test",0.96,78,"WH",43,NA,23.7333,NA,"test"
467,"condition1",101,"SUBJ",NA,"mismatch","14","WH","test",0.88,54,"WH",44,NA,23.7333,NA,"test"
467,"condition1",102,"SUBJ",NA,"mismatch","11","WH","test",0.92,42,"WH",45,NA,23.7333,NA,"test"
467,"condition1",102,"SUBJ",NA,"mismatch","101","FILL","test",0.99,181,"WH",46,NA,23.7333,NA,"test"
467,"condition1",102,"SUBJ",NA,"mismatch","5","WH","test",0.78,18,"WH",47,NA,23.7333,NA,"test"
467,"condition1",102,"SUBJ",NA,"mismatch","123","UNGRAM","test",0.01,203,"WH",48,NA,23.7333,NA,"test"
467,"condition1",103,"SUBJ",NA,"mismatch","1","WH","test",0.75,2,"WH",49,NA,23.7333,NA,"test"
467,"condition1",103,"SUBJ",NA,"mismatch","3","WH","test",0.92,10,"WH",50,NA,23.7333,NA,"test"
467,"condition1",103,"SUBJ",NA,"mismatch","102","FILL","test",0.98,182,"WH",51,NA,23.7333,NA,"test"
467,"condition1",103,"SUBJ",NA,"mismatch","124","UNGRAM","test",0,204,"WH",52,NA,23.7333,NA,"test"
