workerid,proliferate.condition,block_sequence,exposure_condition,first_response_value,group,item_number,item_type,phase,response,test_condition,trial_sequence_total,wrong_attempts,catch_trials,subject_information.age,subject_information.asses,subject_information.comments,subject_information.education,subject_information.enjoyment,subject_information.fairprice,subject_information.gender,subject_information.language,subject_information.problems,system.Browser,system.OS,system.screenH,system.screenW,time_in_minutes,error
17,condition1,practice,,0,match,practice_good,practice_good,practice_good,1,,0,1,[],28,No,,3,2,£3,Male,English,no,Chrome,Mac,1080,1920,9.125116666666669,
17,condition1,practice,,,match,practice_bad,practice_bad,practice_bad,0,,0,0,[],28,No,,3,2,£3,Male,English,no,Chrome,Mac,1080,1920,9.125116666666669,
17,condition1,201,WH,,match,44,WH,pre-exposure,0.13,WH,1,,[],28,No,,3,2,£3,Male,English,no,Chrome,Mac,1080,1920,9.125116666666669,
17,condition1,201,WH,,match,143,FILL,pre-exposure,0.87,WH,2,,[],28,No,,3,2,£3,Male,English,no,Chrome,Mac,1080,1920,9.125116666666669,
17,condition1,201,WH,,match,47,WH,pre-exposure,0.05,WH,3,,[],28,No,,3,2,£3,Male,English,no,Chrome,Mac,1080,1920,9.125116666666669,
17,condition1,201,WH,,match,158,UNGRAM,pre-exposure,0,WH,4,,[],28,No,,3,2,£3,Male,English,no,Chrome,Mac,1080,1920,9.125116666666669,
17,condition1,202,WH,,match,26,WH,pre-exposure,0,WH,5,,[],28,No,,3,2,£3,Male,English,no,Chrome,Mac,1080,1920,9.125116666666669,
17,condition1,202,WH,,match,142,FILL,pre-exposure,1,WH,6,,[],28,No,,3,2,£3,Male,English,no,Chrome,Mac,1080,1920,9.125116666666669,
17,condition1,202,WH,,match,29,WH,pre-exposure,0.03,WH,7,,[],28,No,,3,2,£3,Male,English,no,Chrome,Mac,1080,1920,9.125116666666669,
17,condition1,202,WH,,match,152,UNGRAM,pre-exposure,0,WH,8,,[],28,No,,3,2,£3,Male,English,no,Chrome,Mac,1080,1920,9.125116666666669,
17,condition1,203,WH,,match,20,WH,pre-exposure,0.18,WH,9,,[],28,No,,3,2,£3,Male,English,no,Chrome,Mac,1080,1920,9.125116666666669,
17,condition1,203,WH,,match,17,WH,pre-exposure,0.07,WH,10,,[],28,No,,3,2,£3,Male,English,no,Chrome,Mac,1080,1920,9.125116666666669,
17,condition1,203,WH,,match,138,FILL,pre-exposure,0.49,WH,11,,[],28,No,,3,2,£3,Male,English,no,Chrome,Mac,1080,1920,9.125116666666669,
17,condition1,203,WH,,match,166,UNGRAM,pre-exposure,0.04,WH,12,,[],28,No,,3,2,£3,Male,English,no,Chrome,Mac,1080,1920,9.125116666666669,
17,condition1,1,WH,,match,140,FILL,exposure,1,WH,13,,[],28,No,,3,2,£3,Male,English,no,Chrome,Mac,1080,1920,9.125116666666669,
17,condition1,1,WH,,match,5,WH,exposure,0,WH,14,,[],28,No,,3,2,£3,Male,English,no,Chrome,Mac,1080,1920,9.125116666666669,
17,condition1,1,WH,,match,14,WH,exposure,0,WH,15,,[],28,No,,3,2,£3,Male,English,no,Chrome,Mac,1080,1920,9.125116666666669,
17,condition1,1,WH,,match,165,UNGRAM,exposure,0,WH,16,,[],28,No,,3,2,£3,Male,English,no,Chrome,Mac,1080,1920,9.125116666666669,
17,condition1,2,WH,,match,139,FILL,exposure,0.91,WH,17,,[],28,No,,3,2,£3,Male,English,no,Chrome,Mac,1080,1920,9.125116666666669,
17,condition1,2,WH,,match,153,UNGRAM,exposure,0.05,WH,18,,[],28,No,,3,2,£3,Male,English,no,Chrome,Mac,1080,1920,9.125116666666669,
17,condition1,2,WH,,match,65,WH,exposure,0.12,WH,19,,[],28,No,,3,2,£3,Male,English,no,Chrome,Mac,1080,1920,9.125116666666669,
17,condition1,2,WH,,match,92,WH,exposure,0.04,WH,20,,[],28,No,,3,2,£3,Male,English,no,Chrome,Mac,1080,1920,9.125116666666669,
17,condition1,3,WH,,match,8,WH,exposure,0.14,WH,21,,[],28,No,,3,2,£3,Male,English,no,Chrome,Mac,1080,1920,9.125116666666669,
17,condition1,3,WH,,match,160,UNGRAM,exposure,0,WH,22,,[],28,No,,3,2,£3,Male,English,no,Chrome,Mac,1080,1920,9.125116666666669,
17,condition1,3,WH,,match,56,WH,exposure,0.04,WH,23,,[],28,No,,3,2,£3,Male,English,no,Chrome,Mac,1080,1920,9.125116666666669,
17,condition1,3,WH,,match,149,FILL,exposure,0.17,WH,24,,[],28,No,,3,2,£3,Male,English,no,Chrome,Mac,1080,1920,9.125116666666669,
17,condition1,4,WH,,match,136,FILL,exposure,0.89,WH,25,,[],28,No,,3,2,£3,Male,English,no,Chrome,Mac,1080,1920,9.125116666666669,
17,condition1,4,WH,,match,41,WH,exposure,0.12,WH,26,,[],28,No,,3,2,£3,Male,English,no,Chrome,Mac,1080,1920,9.125116666666669,
17,condition1,4,WH,,match,62,WH,exposure,0.05,WH,27,,[],28,No,,3,2,£3,Male,English,no,Chrome,Mac,1080,1920,9.125116666666669,
17,condition1,4,WH,,match,167,UNGRAM,exposure,0.11,WH,28,,[],28,No,,3,2,£3,Male,English,no,Chrome,Mac,1080,1920,9.125116666666669,
17,condition1,5,WH,,match,38,WH,exposure,0.04,WH,29,,[],28,No,,3,2,£3,Male,English,no,Chrome,Mac,1080,1920,9.125116666666669,
17,condition1,5,WH,,match,77,WH,exposure,0.08,WH,30,,[],28,No,,3,2,£3,Male,English,no,Chrome,Mac,1080,1920,9.125116666666669,
17,condition1,5,WH,,match,141,FILL,exposure,1,WH,31,,[],28,No,,3,2,£3,Male,English,no,Chrome,Mac,1080,1920,9.125116666666669,
17,condition1,5,WH,,match,155,UNGRAM,exposure,0.08,WH,32,,[],28,No,,3,2,£3,Male,English,no,Chrome,Mac,1080,1920,9.125116666666669,
17,condition1,6,WH,,match,148,FILL,exposure,0.14,WH,33,,[],28,No,,3,2,£3,Male,English,no,Chrome,Mac,1080,1920,9.125116666666669,
17,condition1,6,WH,,match,11,WH,exposure,0.77,WH,34,,[],28,No,,3,2,£3,Male,English,no,Chrome,Mac,1080,1920,9.125116666666669,
17,condition1,6,WH,,match,32,WH,exposure,0.17,WH,35,,[],28,No,,3,2,£3,Male,English,no,Chrome,Mac,1080,1920,9.125116666666669,
17,condition1,6,WH,,match,156,UNGRAM,exposure,0,WH,36,,[],28,No,,3,2,£3,Male,English,no,Chrome,Mac,1080,1920,9.125116666666669,
17,condition1,7,WH,,match,163,UNGRAM,exposure,0,WH,37,,[],28,No,,3,2,£3,Male,English,no,Chrome,Mac,1080,1920,9.125116666666669,
17,condition1,7,WH,,match,71,WH,exposure,0.92,WH,38,,[],28,No,,3,2,£3,Male,English,no,Chrome,Mac,1080,1920,9.125116666666669,
17,condition1,7,WH,,match,2,WH,exposure,0.06,WH,39,,[],28,No,,3,2,£3,Male,English,no,Chrome,Mac,1080,1920,9.125116666666669,
17,condition1,7,WH,,match,151,FILL,exposure,0.83,WH,40,,[],28,No,,3,2,£3,Male,English,no,Chrome,Mac,1080,1920,9.125116666666669,
17,condition1,8,WH,,match,35,WH,exposure,0.45,WH,41,,[],28,No,,3,2,£3,Male,English,no,Chrome,Mac,1080,1920,9.125116666666669,
17,condition1,8,WH,,match,159,UNGRAM,exposure,0.01,WH,42,,[],28,No,,3,2,£3,Male,English,no,Chrome,Mac,1080,1920,9.125116666666669,
17,condition1,8,WH,,match,150,FILL,exposure,0.92,WH,43,,[],28,No,,3,2,£3,Male,English,no,Chrome,Mac,1080,1920,9.125116666666669,
17,condition1,8,WH,,match,83,WH,exposure,0.18,WH,44,,[],28,No,,3,2,£3,Male,English,no,Chrome,Mac,1080,1920,9.125116666666669,
17,condition1,9,WH,,match,53,WH,exposure,0.64,WH,45,,[],28,No,,3,2,£3,Male,English,no,Chrome,Mac,1080,1920,9.125116666666669,
17,condition1,9,WH,,match,145,FILL,exposure,0.97,WH,46,,[],28,No,,3,2,£3,Male,English,no,Chrome,Mac,1080,1920,9.125116666666669,
17,condition1,9,WH,,match,68,WH,exposure,0.85,WH,47,,[],28,No,,3,2,£3,Male,English,no,Chrome,Mac,1080,1920,9.125116666666669,
17,condition1,9,WH,,match,164,UNGRAM,exposure,0.04,WH,48,,[],28,No,,3,2,£3,Male,English,no,Chrome,Mac,1080,1920,9.125116666666669,
17,condition1,10,WH,,match,147,FILL,exposure,0.87,WH,49,,[],28,No,,3,2,£3,Male,English,no,Chrome,Mac,1080,1920,9.125116666666669,
17,condition1,10,WH,,match,23,WH,exposure,0.19,WH,50,,[],28,No,,3,2,£3,Male,English,no,Chrome,Mac,1080,1920,9.125116666666669,
17,condition1,10,WH,,match,154,UNGRAM,exposure,0.06,WH,51,,[],28,No,,3,2,£3,Male,English,no,Chrome,Mac,1080,1920,9.125116666666669,
17,condition1,10,WH,,match,59,WH,exposure,0.9,WH,52,,[],28,No,,3,2,£3,Male,English,no,Chrome,Mac,1080,1920,9.125116666666669,
17,condition1,101,WH,,match,95,WH,test,0.2,WH,53,,[],28,No,,3,2,£3,Male,English,no,Chrome,Mac,1080,1920,9.125116666666669,
17,condition1,101,WH,,match,89,WH,test,0.17,WH,54,,[],28,No,,3,2,£3,Male,English,no,Chrome,Mac,1080,1920,9.125116666666669,
17,condition1,101,WH,,match,146,FILL,test,0.99,WH,55,,[],28,No,,3,2,£3,Male,English,no,Chrome,Mac,1080,1920,9.125116666666669,
17,condition1,101,WH,,match,162,UNGRAM,test,0.01,WH,56,,[],28,No,,3,2,£3,Male,English,no,Chrome,Mac,1080,1920,9.125116666666669,
17,condition1,102,WH,,match,86,WH,test,0.16,WH,57,,[],28,No,,3,2,£3,Male,English,no,Chrome,Mac,1080,1920,9.125116666666669,
17,condition1,102,WH,,match,80,WH,test,0.2,WH,58,,[],28,No,,3,2,£3,Male,English,no,Chrome,Mac,1080,1920,9.125116666666669,
17,condition1,102,WH,,match,157,UNGRAM,test,0.02,WH,59,,[],28,No,,3,2,£3,Male,English,no,Chrome,Mac,1080,1920,9.125116666666669,
17,condition1,102,WH,,match,137,FILL,test,0.86,WH,60,,[],28,No,,3,2,£3,Male,English,no,Chrome,Mac,1080,1920,9.125116666666669,
17,condition1,103,WH,,match,74,WH,test,0.3,WH,61,,[],28,No,,3,2,£3,Male,English,no,Chrome,Mac,1080,1920,9.125116666666669,
17,condition1,103,WH,,match,161,UNGRAM,test,0,WH,62,,[],28,No,,3,2,£3,Male,English,no,Chrome,Mac,1080,1920,9.125116666666669,
17,condition1,103,WH,,match,144,FILL,test,0.99,WH,63,,[],28,No,,3,2,£3,Male,English,no,Chrome,Mac,1080,1920,9.125116666666669,
17,condition1,103,WH,,match,50,WH,test,0.55,WH,64,,[],28,No,,3,2,£3,Male,English,no,Chrome,Mac,1080,1920,9.125116666666669,
22,condition1,practice,,,match,practice_good,practice_good,practice_good,0.94,,0,0,[],26,Yes,Very interesting! It is scary how your brain can automatically rearrange the sentence if you aren't paying attention,2,2,2,Female,English,None,Chrome,Mac,768,1366,11.70715,
22,condition1,practice,,,match,practice_bad,practice_bad,practice_bad,0.01,,0,0,[],26,Yes,Very interesting! It is scary how your brain can automatically rearrange the sentence if you aren't paying attention,2,2,2,Female,English,None,Chrome,Mac,768,1366,11.70715,
22,condition1,201,WH,,match,137,FILL,pre-exposure,0.7,WH,1,,[],26,Yes,Very interesting! It is scary how your brain can automatically rearrange the sentence if you aren't paying attention,2,2,2,Female,English,None,Chrome,Mac,768,1366,11.70715,
22,condition1,201,WH,,match,35,WH,pre-exposure,0.68,WH,2,,[],26,Yes,Very interesting! It is scary how your brain can automatically rearrange the sentence if you aren't paying attention,2,2,2,Female,English,None,Chrome,Mac,768,1366,11.70715,
22,condition1,201,WH,,match,44,WH,pre-exposure,0.62,WH,3,,[],26,Yes,Very interesting! It is scary how your brain can automatically rearrange the sentence if you aren't paying attention,2,2,2,Female,English,None,Chrome,Mac,768,1366,11.70715,
22,condition1,201,WH,,match,160,UNGRAM,pre-exposure,0.14,WH,4,,[],26,Yes,Very interesting! It is scary how your brain can automatically rearrange the sentence if you aren't paying attention,2,2,2,Female,English,None,Chrome,Mac,768,1366,11.70715,
22,condition1,202,WH,,match,20,WH,pre-exposure,0.7,WH,5,,[],26,Yes,Very interesting! It is scary how your brain can automatically rearrange the sentence if you aren't paying attention,2,2,2,Female,English,None,Chrome,Mac,768,1366,11.70715,
22,condition1,202,WH,,match,166,UNGRAM,pre-exposure,0.12,WH,6,,[],26,Yes,Very interesting! It is scary how your brain can automatically rearrange the sentence if you aren't paying attention,2,2,2,Female,English,None,Chrome,Mac,768,1366,11.70715,
22,condition1,202,WH,,match,151,FILL,pre-exposure,0.91,WH,7,,[],26,Yes,Very interesting! It is scary how your brain can automatically rearrange the sentence if you aren't paying attention,2,2,2,Female,English,None,Chrome,Mac,768,1366,11.70715,
22,condition1,202,WH,,match,17,WH,pre-exposure,0.73,WH,8,,[],26,Yes,Very interesting! It is scary how your brain can automatically rearrange the sentence if you aren't paying attention,2,2,2,Female,English,None,Chrome,Mac,768,1366,11.70715,
22,condition1,203,WH,,match,161,UNGRAM,pre-exposure,0.01,WH,9,,[],26,Yes,Very interesting! It is scary how your brain can automatically rearrange the sentence if you aren't paying attention,2,2,2,Female,English,None,Chrome,Mac,768,1366,11.70715,
22,condition1,203,WH,,match,11,WH,pre-exposure,0.82,WH,10,,[],26,Yes,Very interesting! It is scary how your brain can automatically rearrange the sentence if you aren't paying attention,2,2,2,Female,English,None,Chrome,Mac,768,1366,11.70715,
22,condition1,203,WH,,match,8,WH,pre-exposure,0.66,WH,11,,[],26,Yes,Very interesting! It is scary how your brain can automatically rearrange the sentence if you aren't paying attention,2,2,2,Female,English,None,Chrome,Mac,768,1366,11.70715,
22,condition1,203,WH,,match,136,FILL,pre-exposure,0.88,WH,12,,[],26,Yes,Very interesting! It is scary how your brain can automatically rearrange the sentence if you aren't paying attention,2,2,2,Female,English,None,Chrome,Mac,768,1366,11.70715,
22,condition1,1,WH,,match,74,WH,exposure,0.72,WH,13,,[],26,Yes,Very interesting! It is scary how your brain can automatically rearrange the sentence if you aren't paying attention,2,2,2,Female,English,None,Chrome,Mac,768,1366,11.70715,
22,condition1,1,WH,,match,150,FILL,exposure,0.93,WH,14,,[],26,Yes,Very interesting! It is scary how your brain can automatically rearrange the sentence if you aren't paying attention,2,2,2,Female,English,None,Chrome,Mac,768,1366,11.70715,
22,condition1,1,WH,,match,152,UNGRAM,exposure,0.22,WH,15,,[],26,Yes,Very interesting! It is scary how your brain can automatically rearrange the sentence if you aren't paying attention,2,2,2,Female,English,None,Chrome,Mac,768,1366,11.70715,
22,condition1,1,WH,,match,62,WH,exposure,0.9,WH,16,,[],26,Yes,Very interesting! It is scary how your brain can automatically rearrange the sentence if you aren't paying attention,2,2,2,Female,English,None,Chrome,Mac,768,1366,11.70715,
22,condition1,2,WH,,match,156,UNGRAM,exposure,0.08,WH,17,,[],26,Yes,Very interesting! It is scary how your brain can automatically rearrange the sentence if you aren't paying attention,2,2,2,Female,English,None,Chrome,Mac,768,1366,11.70715,
22,condition1,2,WH,,match,149,FILL,exposure,0.6,WH,18,,[],26,Yes,Very interesting! It is scary how your brain can automatically rearrange the sentence if you aren't paying attention,2,2,2,Female,English,None,Chrome,Mac,768,1366,11.70715,
22,condition1,2,WH,,match,80,WH,exposure,0.9,WH,19,,[],26,Yes,Very interesting! It is scary how your brain can automatically rearrange the sentence if you aren't paying attention,2,2,2,Female,English,None,Chrome,Mac,768,1366,11.70715,
22,condition1,2,WH,,match,89,WH,exposure,0.75,WH,20,,[],26,Yes,Very interesting! It is scary how your brain can automatically rearrange the sentence if you aren't paying attention,2,2,2,Female,English,None,Chrome,Mac,768,1366,11.70715,
22,condition1,3,WH,,match,14,WH,exposure,0.51,WH,21,,[],26,Yes,Very interesting! It is scary how your brain can automatically rearrange the sentence if you aren't paying attention,2,2,2,Female,English,None,Chrome,Mac,768,1366,11.70715,
22,condition1,3,WH,,match,164,UNGRAM,exposure,0.09,WH,22,,[],26,Yes,Very interesting! It is scary how your brain can automatically rearrange the sentence if you aren't paying attention,2,2,2,Female,English,None,Chrome,Mac,768,1366,11.70715,
22,condition1,3,WH,,match,146,FILL,exposure,0.89,WH,23,,[],26,Yes,Very interesting! It is scary how your brain can automatically rearrange the sentence if you aren't paying attention,2,2,2,Female,English,None,Chrome,Mac,768,1366,11.70715,
22,condition1,3,WH,,match,29,WH,exposure,0.71,WH,24,,[],26,Yes,Very interesting! It is scary how your brain can automatically rearrange the sentence if you aren't paying attention,2,2,2,Female,English,None,Chrome,Mac,768,1366,11.70715,
22,condition1,4,WH,,match,139,FILL,exposure,0.84,WH,25,,[],26,Yes,Very interesting! It is scary how your brain can automatically rearrange the sentence if you aren't paying attention,2,2,2,Female,English,None,Chrome,Mac,768,1366,11.70715,
22,condition1,4,WH,,match,41,WH,exposure,0.86,WH,26,,[],26,Yes,Very interesting! It is scary how your brain can automatically rearrange the sentence if you aren't paying attention,2,2,2,Female,English,None,Chrome,Mac,768,1366,11.70715,
22,condition1,4,WH,,match,56,WH,exposure,0.88,WH,27,,[],26,Yes,Very interesting! It is scary how your brain can automatically rearrange the sentence if you aren't paying attention,2,2,2,Female,English,None,Chrome,Mac,768,1366,11.70715,
22,condition1,4,WH,,match,167,UNGRAM,exposure,0.15,WH,28,,[],26,Yes,Very interesting! It is scary how your brain can automatically rearrange the sentence if you aren't paying attention,2,2,2,Female,English,None,Chrome,Mac,768,1366,11.70715,
22,condition1,5,WH,,match,59,WH,exposure,0.84,WH,29,,[],26,Yes,Very interesting! It is scary how your brain can automatically rearrange the sentence if you aren't paying attention,2,2,2,Female,English,None,Chrome,Mac,768,1366,11.70715,
22,condition1,5,WH,,match,5,WH,exposure,0.43,WH,30,,[],26,Yes,Very interesting! It is scary how your brain can automatically rearrange the sentence if you aren't paying attention,2,2,2,Female,English,None,Chrome,Mac,768,1366,11.70715,
22,condition1,5,WH,,match,138,FILL,exposure,0.92,WH,31,,[],26,Yes,Very interesting! It is scary how your brain can automatically rearrange the sentence if you aren't paying attention,2,2,2,Female,English,None,Chrome,Mac,768,1366,11.70715,
22,condition1,5,WH,,match,165,UNGRAM,exposure,0.11,WH,32,,[],26,Yes,Very interesting! It is scary how your brain can automatically rearrange the sentence if you aren't paying attention,2,2,2,Female,English,None,Chrome,Mac,768,1366,11.70715,
22,condition1,6,WH,,match,65,WH,exposure,0.7,WH,33,,[],26,Yes,Very interesting! It is scary how your brain can automatically rearrange the sentence if you aren't paying attention,2,2,2,Female,English,None,Chrome,Mac,768,1366,11.70715,
22,condition1,6,WH,,match,144,FILL,exposure,0.92,WH,34,,[],26,Yes,Very interesting! It is scary how your brain can automatically rearrange the sentence if you aren't paying attention,2,2,2,Female,English,None,Chrome,Mac,768,1366,11.70715,
22,condition1,6,WH,,match,38,WH,exposure,0.51,WH,35,,[],26,Yes,Very interesting! It is scary how your brain can automatically rearrange the sentence if you aren't paying attention,2,2,2,Female,English,None,Chrome,Mac,768,1366,11.70715,
22,condition1,6,WH,,match,163,UNGRAM,exposure,0.15,WH,36,,[],26,Yes,Very interesting! It is scary how your brain can automatically rearrange the sentence if you aren't paying attention,2,2,2,Female,English,None,Chrome,Mac,768,1366,11.70715,
22,condition1,7,WH,,match,26,WH,exposure,0.82,WH,37,,[],26,Yes,Very interesting! It is scary how your brain can automatically rearrange the sentence if you aren't paying attention,2,2,2,Female,English,None,Chrome,Mac,768,1366,11.70715,
22,condition1,7,WH,,match,86,WH,exposure,0.45,WH,38,,[],26,Yes,Very interesting! It is scary how your brain can automatically rearrange the sentence if you aren't paying attention,2,2,2,Female,English,None,Chrome,Mac,768,1366,11.70715,
22,condition1,7,WH,,match,145,FILL,exposure,0.91,WH,39,,[],26,Yes,Very interesting! It is scary how your brain can automatically rearrange the sentence if you aren't paying attention,2,2,2,Female,English,None,Chrome,Mac,768,1366,11.70715,
22,condition1,7,WH,,match,162,UNGRAM,exposure,0.26,WH,40,,[],26,Yes,Very interesting! It is scary how your brain can automatically rearrange the sentence if you aren't paying attention,2,2,2,Female,English,None,Chrome,Mac,768,1366,11.70715,
22,condition1,8,WH,,match,23,WH,exposure,0.52,WH,41,,[],26,Yes,Very interesting! It is scary how your brain can automatically rearrange the sentence if you aren't paying attention,2,2,2,Female,English,None,Chrome,Mac,768,1366,11.70715,
22,condition1,8,WH,,match,148,FILL,exposure,0.76,WH,42,,[],26,Yes,Very interesting! It is scary how your brain can automatically rearrange the sentence if you aren't paying attention,2,2,2,Female,English,None,Chrome,Mac,768,1366,11.70715,
22,condition1,8,WH,,match,153,UNGRAM,exposure,0.4,WH,43,,[],26,Yes,Very interesting! It is scary how your brain can automatically rearrange the sentence if you aren't paying attention,2,2,2,Female,English,None,Chrome,Mac,768,1366,11.70715,
22,condition1,8,WH,,match,95,WH,exposure,0.89,WH,44,,[],26,Yes,Very interesting! It is scary how your brain can automatically rearrange the sentence if you aren't paying attention,2,2,2,Female,English,None,Chrome,Mac,768,1366,11.70715,
22,condition1,9,WH,,match,50,WH,exposure,0.65,WH,45,,[],26,Yes,Very interesting! It is scary how your brain can automatically rearrange the sentence if you aren't paying attention,2,2,2,Female,English,None,Chrome,Mac,768,1366,11.70715,
22,condition1,9,WH,,match,142,FILL,exposure,0.88,WH,46,,[],26,Yes,Very interesting! It is scary how your brain can automatically rearrange the sentence if you aren't paying attention,2,2,2,Female,English,None,Chrome,Mac,768,1366,11.70715,
22,condition1,9,WH,,match,154,UNGRAM,exposure,0.32,WH,47,,[],26,Yes,Very interesting! It is scary how your brain can automatically rearrange the sentence if you aren't paying attention,2,2,2,Female,English,None,Chrome,Mac,768,1366,11.70715,
22,condition1,9,WH,,match,53,WH,exposure,0.69,WH,48,,[],26,Yes,Very interesting! It is scary how your brain can automatically rearrange the sentence if you aren't paying attention,2,2,2,Female,English,None,Chrome,Mac,768,1366,11.70715,
22,condition1,10,WH,,match,32,WH,exposure,0.5,WH,49,,[],26,Yes,Very interesting! It is scary how your brain can automatically rearrange the sentence if you aren't paying attention,2,2,2,Female,English,None,Chrome,Mac,768,1366,11.70715,
22,condition1,10,WH,,match,157,UNGRAM,exposure,0.31,WH,50,,[],26,Yes,Very interesting! It is scary how your brain can automatically rearrange the sentence if you aren't paying attention,2,2,2,Female,English,None,Chrome,Mac,768,1366,11.70715,
22,condition1,10,WH,,match,2,WH,exposure,0.53,WH,51,,[],26,Yes,Very interesting! It is scary how your brain can automatically rearrange the sentence if you aren't paying attention,2,2,2,Female,English,None,Chrome,Mac,768,1366,11.70715,
22,condition1,10,WH,,match,147,FILL,exposure,0.89,WH,52,,[],26,Yes,Very interesting! It is scary how your brain can automatically rearrange the sentence if you aren't paying attention,2,2,2,Female,English,None,Chrome,Mac,768,1366,11.70715,
22,condition1,101,WH,,match,92,WH,test,0.61,WH,53,,[],26,Yes,Very interesting! It is scary how your brain can automatically rearrange the sentence if you aren't paying attention,2,2,2,Female,English,None,Chrome,Mac,768,1366,11.70715,
22,condition1,101,WH,,match,83,WH,test,0.74,WH,54,,[],26,Yes,Very interesting! It is scary how your brain can automatically rearrange the sentence if you aren't paying attention,2,2,2,Female,English,None,Chrome,Mac,768,1366,11.70715,
22,condition1,101,WH,,match,155,UNGRAM,test,0.33,WH,55,,[],26,Yes,Very interesting! It is scary how your brain can automatically rearrange the sentence if you aren't paying attention,2,2,2,Female,English,None,Chrome,Mac,768,1366,11.70715,
22,condition1,101,WH,,match,141,FILL,test,0.88,WH,56,,[],26,Yes,Very interesting! It is scary how your brain can automatically rearrange the sentence if you aren't paying attention,2,2,2,Female,English,None,Chrome,Mac,768,1366,11.70715,
22,condition1,102,WH,,match,71,WH,test,0.64,WH,57,,[],26,Yes,Very interesting! It is scary how your brain can automatically rearrange the sentence if you aren't paying attention,2,2,2,Female,English,None,Chrome,Mac,768,1366,11.70715,
22,condition1,102,WH,,match,158,UNGRAM,test,0.08,WH,58,,[],26,Yes,Very interesting! It is scary how your brain can automatically rearrange the sentence if you aren't paying attention,2,2,2,Female,English,None,Chrome,Mac,768,1366,11.70715,
22,condition1,102,WH,,match,140,FILL,test,0.83,WH,59,,[],26,Yes,Very interesting! It is scary how your brain can automatically rearrange the sentence if you aren't paying attention,2,2,2,Female,English,None,Chrome,Mac,768,1366,11.70715,
22,condition1,102,WH,,match,77,WH,test,0.85,WH,60,,[],26,Yes,Very interesting! It is scary how your brain can automatically rearrange the sentence if you aren't paying attention,2,2,2,Female,English,None,Chrome,Mac,768,1366,11.70715,
22,condition1,103,WH,,match,159,UNGRAM,test,0.09,WH,61,,[],26,Yes,Very interesting! It is scary how your brain can automatically rearrange the sentence if you aren't paying attention,2,2,2,Female,English,None,Chrome,Mac,768,1366,11.70715,
22,condition1,103,WH,,match,68,WH,test,0.82,WH,62,,[],26,Yes,Very interesting! It is scary how your brain can automatically rearrange the sentence if you aren't paying attention,2,2,2,Female,English,None,Chrome,Mac,768,1366,11.70715,
22,condition1,103,WH,,match,47,WH,test,0.85,WH,63,,[],26,Yes,Very interesting! It is scary how your brain can automatically rearrange the sentence if you aren't paying attention,2,2,2,Female,English,None,Chrome,Mac,768,1366,11.70715,
22,condition1,103,WH,,match,143,FILL,test,0.85,WH,64,,[],26,Yes,Very interesting! It is scary how your brain can automatically rearrange the sentence if you aren't paying attention,2,2,2,Female,English,None,Chrome,Mac,768,1366,11.70715,
18,condition1,practice,,,mismatch,practice_good,practice_good,practice_good,1,,0,0,[],25,Yes,,3,1,,Male,English,,Chrome,Windows,912,1368,15.03825,
18,condition1,practice,,,mismatch,practice_bad,practice_bad,practice_bad,0.36,,0,0,[],25,Yes,,3,1,,Male,English,,Chrome,Windows,912,1368,15.03825,
18,condition1,201,SUBJ,,mismatch,145,FILL,pre-exposure,1,WH,1,,[],25,Yes,,3,1,,Male,English,,Chrome,Windows,912,1368,15.03825,
18,condition1,201,SUBJ,,mismatch,56,WH,pre-exposure,0.73,WH,2,,[],25,Yes,,3,1,,Male,English,,Chrome,Windows,912,1368,15.03825,
18,condition1,201,SUBJ,,mismatch,50,WH,pre-exposure,0.69,WH,3,,[],25,Yes,,3,1,,Male,English,,Chrome,Windows,912,1368,15.03825,
18,condition1,201,SUBJ,,mismatch,163,UNGRAM,pre-exposure,0.25,WH,4,,[],25,Yes,,3,1,,Male,English,,Chrome,Windows,912,1368,15.03825,
18,condition1,202,SUBJ,,mismatch,147,FILL,pre-exposure,0.4,WH,5,,[],25,Yes,,3,1,,Male,English,,Chrome,Windows,912,1368,15.03825,
18,condition1,202,SUBJ,,mismatch,44,WH,pre-exposure,0.46,WH,6,,[],25,Yes,,3,1,,Male,English,,Chrome,Windows,912,1368,15.03825,
18,condition1,202,SUBJ,,mismatch,35,WH,pre-exposure,0.38,WH,7,,[],25,Yes,,3,1,,Male,English,,Chrome,Windows,912,1368,15.03825,
18,condition1,202,SUBJ,,mismatch,153,UNGRAM,pre-exposure,0.34,WH,8,,[],25,Yes,,3,1,,Male,English,,Chrome,Windows,912,1368,15.03825,
18,condition1,203,SUBJ,,mismatch,161,UNGRAM,pre-exposure,0.32,WH,9,,[],25,Yes,,3,1,,Male,English,,Chrome,Windows,912,1368,15.03825,
18,condition1,203,SUBJ,,mismatch,29,WH,pre-exposure,0.72,WH,10,,[],25,Yes,,3,1,,Male,English,,Chrome,Windows,912,1368,15.03825,
18,condition1,203,SUBJ,,mismatch,140,FILL,pre-exposure,0.93,WH,11,,[],25,Yes,,3,1,,Male,English,,Chrome,Windows,912,1368,15.03825,
18,condition1,203,SUBJ,,mismatch,2,WH,pre-exposure,0.77,WH,12,,[],25,Yes,,3,1,,Male,English,,Chrome,Windows,912,1368,15.03825,
18,condition1,1,SUBJ,,mismatch,33,SUBJ,exposure,0.6,WH,13,,[],25,Yes,,3,1,,Male,English,,Chrome,Windows,912,1368,15.03825,
18,condition1,1,SUBJ,,mismatch,164,UNGRAM,exposure,0.28,WH,14,,[],25,Yes,,3,1,,Male,English,,Chrome,Windows,912,1368,15.03825,
18,condition1,1,SUBJ,,mismatch,54,SUBJ,exposure,0.77,WH,15,,[],25,Yes,,3,1,,Male,English,,Chrome,Windows,912,1368,15.03825,
18,condition1,1,SUBJ,,mismatch,141,FILL,exposure,0.88,WH,16,,[],25,Yes,,3,1,,Male,English,,Chrome,Windows,912,1368,15.03825,
18,condition1,2,SUBJ,,mismatch,154,UNGRAM,exposure,0.32,WH,17,,[],25,Yes,,3,1,,Male,English,,Chrome,Windows,912,1368,15.03825,
18,condition1,2,SUBJ,,mismatch,48,SUBJ,exposure,0.9,WH,18,,[],25,Yes,,3,1,,Male,English,,Chrome,Windows,912,1368,15.03825,
18,condition1,2,SUBJ,,mismatch,75,SUBJ,exposure,0.77,WH,19,,[],25,Yes,,3,1,,Male,English,,Chrome,Windows,912,1368,15.03825,
18,condition1,2,SUBJ,,mismatch,144,FILL,exposure,0.77,WH,20,,[],25,Yes,,3,1,,Male,English,,Chrome,Windows,912,1368,15.03825,
18,condition1,3,SUBJ,,mismatch,24,SUBJ,exposure,0.78,WH,21,,[],25,Yes,,3,1,,Male,English,,Chrome,Windows,912,1368,15.03825,
18,condition1,3,SUBJ,,mismatch,167,UNGRAM,exposure,0.26,WH,22,,[],25,Yes,,3,1,,Male,English,,Chrome,Windows,912,1368,15.03825,
18,condition1,3,SUBJ,,mismatch,150,FILL,exposure,0.78,WH,23,,[],25,Yes,,3,1,,Male,English,,Chrome,Windows,912,1368,15.03825,
18,condition1,3,SUBJ,,mismatch,18,SUBJ,exposure,0.33,WH,24,,[],25,Yes,,3,1,,Male,English,,Chrome,Windows,912,1368,15.03825,
18,condition1,4,SUBJ,,mismatch,152,UNGRAM,exposure,0.28,WH,25,,[],25,Yes,,3,1,,Male,English,,Chrome,Windows,912,1368,15.03825,
18,condition1,4,SUBJ,,mismatch,84,SUBJ,exposure,0.42,WH,26,,[],25,Yes,,3,1,,Male,English,,Chrome,Windows,912,1368,15.03825,
18,condition1,4,SUBJ,,mismatch,143,FILL,exposure,0.98,WH,27,,[],25,Yes,,3,1,,Male,English,,Chrome,Windows,912,1368,15.03825,
18,condition1,4,SUBJ,,mismatch,39,SUBJ,exposure,0.83,WH,28,,[],25,Yes,,3,1,,Male,English,,Chrome,Windows,912,1368,15.03825,
18,condition1,5,SUBJ,,mismatch,90,SUBJ,exposure,0.5,WH,29,,[],25,Yes,,3,1,,Male,English,,Chrome,Windows,912,1368,15.03825,
18,condition1,5,SUBJ,,mismatch,166,UNGRAM,exposure,0.14,WH,30,,[],25,Yes,,3,1,,Male,English,,Chrome,Windows,912,1368,15.03825,
18,condition1,5,SUBJ,,mismatch,139,FILL,exposure,0.85,WH,31,,[],25,Yes,,3,1,,Male,English,,Chrome,Windows,912,1368,15.03825,
18,condition1,5,SUBJ,,mismatch,96,SUBJ,exposure,0.43,WH,32,,[],25,Yes,,3,1,,Male,English,,Chrome,Windows,912,1368,15.03825,
18,condition1,6,SUBJ,,mismatch,78,SUBJ,exposure,0.44,WH,33,,[],25,Yes,,3,1,,Male,English,,Chrome,Windows,912,1368,15.03825,
18,condition1,6,SUBJ,,mismatch,158,UNGRAM,exposure,0.25,WH,34,,[],25,Yes,,3,1,,Male,English,,Chrome,Windows,912,1368,15.03825,
18,condition1,6,SUBJ,,mismatch,15,SUBJ,exposure,0.54,WH,35,,[],25,Yes,,3,1,,Male,English,,Chrome,Windows,912,1368,15.03825,
18,condition1,6,SUBJ,,mismatch,136,FILL,exposure,0.96,WH,36,,[],25,Yes,,3,1,,Male,English,,Chrome,Windows,912,1368,15.03825,
18,condition1,7,SUBJ,,mismatch,159,UNGRAM,exposure,0.48,WH,37,,[],25,Yes,,3,1,,Male,English,,Chrome,Windows,912,1368,15.03825,
18,condition1,7,SUBJ,,mismatch,151,FILL,exposure,0.97,WH,38,,[],25,Yes,,3,1,,Male,English,,Chrome,Windows,912,1368,15.03825,
18,condition1,7,SUBJ,,mismatch,27,SUBJ,exposure,0.5,WH,39,,[],25,Yes,,3,1,,Male,English,,Chrome,Windows,912,1368,15.03825,
18,condition1,7,SUBJ,,mismatch,42,SUBJ,exposure,0.54,WH,40,,[],25,Yes,,3,1,,Male,English,,Chrome,Windows,912,1368,15.03825,
18,condition1,8,SUBJ,,mismatch,9,SUBJ,exposure,0.57,WH,41,,[],25,Yes,,3,1,,Male,English,,Chrome,Windows,912,1368,15.03825,
18,condition1,8,SUBJ,,mismatch,156,UNGRAM,exposure,0.24,WH,42,,[],25,Yes,,3,1,,Male,English,,Chrome,Windows,912,1368,15.03825,
18,condition1,8,SUBJ,,mismatch,81,SUBJ,exposure,0.72,WH,43,,[],25,Yes,,3,1,,Male,English,,Chrome,Windows,912,1368,15.03825,
18,condition1,8,SUBJ,,mismatch,138,FILL,exposure,0.97,WH,44,,[],25,Yes,,3,1,,Male,English,,Chrome,Windows,912,1368,15.03825,
18,condition1,9,SUBJ,,mismatch,66,SUBJ,exposure,0.61,WH,45,,[],25,Yes,,3,1,,Male,English,,Chrome,Windows,912,1368,15.03825,
18,condition1,9,SUBJ,,mismatch,149,FILL,exposure,0.88,WH,46,,[],25,Yes,,3,1,,Male,English,,Chrome,Windows,912,1368,15.03825,
18,condition1,9,SUBJ,,mismatch,21,SUBJ,exposure,0.6,WH,47,,[],25,Yes,,3,1,,Male,English,,Chrome,Windows,912,1368,15.03825,
18,condition1,9,SUBJ,,mismatch,165,UNGRAM,exposure,0.22,WH,48,,[],25,Yes,,3,1,,Male,English,,Chrome,Windows,912,1368,15.03825,
18,condition1,10,SUBJ,,mismatch,6,SUBJ,exposure,0.58,WH,49,,[],25,Yes,,3,1,,Male,English,,Chrome,Windows,912,1368,15.03825,
18,condition1,10,SUBJ,,mismatch,155,UNGRAM,exposure,0.4,WH,50,,[],25,Yes,,3,1,,Male,English,,Chrome,Windows,912,1368,15.03825,
18,condition1,10,SUBJ,,mismatch,137,FILL,exposure,0.96,WH,51,,[],25,Yes,,3,1,,Male,English,,Chrome,Windows,912,1368,15.03825,
18,condition1,10,SUBJ,,mismatch,12,SUBJ,exposure,0.4,WH,52,,[],25,Yes,,3,1,,Male,English,,Chrome,Windows,912,1368,15.03825,
18,condition1,101,SUBJ,,mismatch,86,WH,test,0.49,WH,53,,[],25,Yes,,3,1,,Male,English,,Chrome,Windows,912,1368,15.03825,
18,condition1,101,SUBJ,,mismatch,142,FILL,test,0.91,WH,54,,[],25,Yes,,3,1,,Male,English,,Chrome,Windows,912,1368,15.03825,
18,condition1,101,SUBJ,,mismatch,92,WH,test,0.66,WH,55,,[],25,Yes,,3,1,,Male,English,,Chrome,Windows,912,1368,15.03825,
18,condition1,101,SUBJ,,mismatch,160,UNGRAM,test,0.2,WH,56,,[],25,Yes,,3,1,,Male,English,,Chrome,Windows,912,1368,15.03825,
18,condition1,102,SUBJ,,mismatch,162,UNGRAM,test,0.14,WH,57,,[],25,Yes,,3,1,,Male,English,,Chrome,Windows,912,1368,15.03825,
18,condition1,102,SUBJ,,mismatch,146,FILL,test,0.95,WH,58,,[],25,Yes,,3,1,,Male,English,,Chrome,Windows,912,1368,15.03825,
18,condition1,102,SUBJ,,mismatch,68,WH,test,0.85,WH,59,,[],25,Yes,,3,1,,Male,English,,Chrome,Windows,912,1368,15.03825,
18,condition1,102,SUBJ,,mismatch,71,WH,test,0.84,WH,60,,[],25,Yes,,3,1,,Male,English,,Chrome,Windows,912,1368,15.03825,
18,condition1,103,SUBJ,,mismatch,59,WH,test,0.86,WH,61,,[],25,Yes,,3,1,,Male,English,,Chrome,Windows,912,1368,15.03825,
18,condition1,103,SUBJ,,mismatch,62,WH,test,0.86,WH,62,,[],25,Yes,,3,1,,Male,English,,Chrome,Windows,912,1368,15.03825,
18,condition1,103,SUBJ,,mismatch,148,FILL,test,0.87,WH,63,,[],25,Yes,,3,1,,Male,English,,Chrome,Windows,912,1368,15.03825,
18,condition1,103,SUBJ,,mismatch,157,UNGRAM,test,0.1,WH,64,,[],25,Yes,,3,1,,Male,English,,Chrome,Windows,912,1368,15.03825,
19,condition1,practice,,,mismatch,practice_good,practice_good,practice_good,0.99,,0,0,[],18,Yes,,1,2,£5,Female,English,One word was mispelled ('move' instead of 'movie'),Chrome,Linux,909,1616,17.233333333333334,
19,condition1,practice,,,mismatch,practice_bad,practice_bad,practice_bad,0.02,,0,0,[],18,Yes,,1,2,£5,Female,English,One word was mispelled ('move' instead of 'movie'),Chrome,Linux,909,1616,17.233333333333334,
19,condition1,201,SUBJ,,mismatch,152,UNGRAM,pre-exposure,0.04,WH,1,,[],18,Yes,,1,2,£5,Female,English,One word was mispelled ('move' instead of 'movie'),Chrome,Linux,909,1616,17.233333333333334,
19,condition1,201,SUBJ,,mismatch,50,WH,pre-exposure,0.75,WH,2,,[],18,Yes,,1,2,£5,Female,English,One word was mispelled ('move' instead of 'movie'),Chrome,Linux,909,1616,17.233333333333334,
19,condition1,201,SUBJ,,mismatch,44,WH,pre-exposure,0.84,WH,3,,[],18,Yes,,1,2,£5,Female,English,One word was mispelled ('move' instead of 'movie'),Chrome,Linux,909,1616,17.233333333333334,
19,condition1,201,SUBJ,,mismatch,137,FILL,pre-exposure,0.99,WH,4,,[],18,Yes,,1,2,£5,Female,English,One word was mispelled ('move' instead of 'movie'),Chrome,Linux,909,1616,17.233333333333334,
19,condition1,202,SUBJ,,mismatch,164,UNGRAM,pre-exposure,0,WH,5,,[],18,Yes,,1,2,£5,Female,English,One word was mispelled ('move' instead of 'movie'),Chrome,Linux,909,1616,17.233333333333334,
19,condition1,202,SUBJ,,mismatch,35,WH,pre-exposure,0.66,WH,6,,[],18,Yes,,1,2,£5,Female,English,One word was mispelled ('move' instead of 'movie'),Chrome,Linux,909,1616,17.233333333333334,
19,condition1,202,SUBJ,,mismatch,143,FILL,pre-exposure,0.98,WH,7,,[],18,Yes,,1,2,£5,Female,English,One word was mispelled ('move' instead of 'movie'),Chrome,Linux,909,1616,17.233333333333334,
19,condition1,202,SUBJ,,mismatch,41,WH,pre-exposure,0.83,WH,8,,[],18,Yes,,1,2,£5,Female,English,One word was mispelled ('move' instead of 'movie'),Chrome,Linux,909,1616,17.233333333333334,
19,condition1,203,SUBJ,,mismatch,138,FILL,pre-exposure,0.99,WH,9,,[],18,Yes,,1,2,£5,Female,English,One word was mispelled ('move' instead of 'movie'),Chrome,Linux,909,1616,17.233333333333334,
19,condition1,203,SUBJ,,mismatch,11,WH,pre-exposure,0.31,WH,10,,[],18,Yes,,1,2,£5,Female,English,One word was mispelled ('move' instead of 'movie'),Chrome,Linux,909,1616,17.233333333333334,
19,condition1,203,SUBJ,,mismatch,17,WH,pre-exposure,0.65,WH,11,,[],18,Yes,,1,2,£5,Female,English,One word was mispelled ('move' instead of 'movie'),Chrome,Linux,909,1616,17.233333333333334,
19,condition1,203,SUBJ,,mismatch,167,UNGRAM,pre-exposure,0,WH,12,,[],18,Yes,,1,2,£5,Female,English,One word was mispelled ('move' instead of 'movie'),Chrome,Linux,909,1616,17.233333333333334,
19,condition1,1,SUBJ,,mismatch,140,FILL,exposure,0.95,WH,13,,[],18,Yes,,1,2,£5,Female,English,One word was mispelled ('move' instead of 'movie'),Chrome,Linux,909,1616,17.233333333333334,
19,condition1,1,SUBJ,,mismatch,84,SUBJ,exposure,0.8,WH,14,,[],18,Yes,,1,2,£5,Female,English,One word was mispelled ('move' instead of 'movie'),Chrome,Linux,909,1616,17.233333333333334,
19,condition1,1,SUBJ,,mismatch,30,SUBJ,exposure,0.85,WH,15,,[],18,Yes,,1,2,£5,Female,English,One word was mispelled ('move' instead of 'movie'),Chrome,Linux,909,1616,17.233333333333334,
19,condition1,1,SUBJ,,mismatch,162,UNGRAM,exposure,0.04,WH,16,,[],18,Yes,,1,2,£5,Female,English,One word was mispelled ('move' instead of 'movie'),Chrome,Linux,909,1616,17.233333333333334,
19,condition1,2,SUBJ,,mismatch,144,FILL,exposure,0.97,WH,17,,[],18,Yes,,1,2,£5,Female,English,One word was mispelled ('move' instead of 'movie'),Chrome,Linux,909,1616,17.233333333333334,
19,condition1,2,SUBJ,,mismatch,159,UNGRAM,exposure,0.02,WH,18,,[],18,Yes,,1,2,£5,Female,English,One word was mispelled ('move' instead of 'movie'),Chrome,Linux,909,1616,17.233333333333334,
19,condition1,2,SUBJ,,mismatch,57,SUBJ,exposure,0.33,WH,19,,[],18,Yes,,1,2,£5,Female,English,One word was mispelled ('move' instead of 'movie'),Chrome,Linux,909,1616,17.233333333333334,
19,condition1,2,SUBJ,,mismatch,63,SUBJ,exposure,0.58,WH,20,,[],18,Yes,,1,2,£5,Female,English,One word was mispelled ('move' instead of 'movie'),Chrome,Linux,909,1616,17.233333333333334,
19,condition1,3,SUBJ,,mismatch,48,SUBJ,exposure,0.33,WH,21,,[],18,Yes,,1,2,£5,Female,English,One word was mispelled ('move' instead of 'movie'),Chrome,Linux,909,1616,17.233333333333334,
19,condition1,3,SUBJ,,mismatch,163,UNGRAM,exposure,0,WH,22,,[],18,Yes,,1,2,£5,Female,English,One word was mispelled ('move' instead of 'movie'),Chrome,Linux,909,1616,17.233333333333334,
19,condition1,3,SUBJ,,mismatch,150,FILL,exposure,0.98,WH,23,,[],18,Yes,,1,2,£5,Female,English,One word was mispelled ('move' instead of 'movie'),Chrome,Linux,909,1616,17.233333333333334,
19,condition1,3,SUBJ,,mismatch,9,SUBJ,exposure,0.96,WH,24,,[],18,Yes,,1,2,£5,Female,English,One word was mispelled ('move' instead of 'movie'),Chrome,Linux,909,1616,17.233333333333334,
19,condition1,4,SUBJ,,mismatch,60,SUBJ,exposure,0.74,WH,25,,[],18,Yes,,1,2,£5,Female,English,One word was mispelled ('move' instead of 'movie'),Chrome,Linux,909,1616,17.233333333333334,
19,condition1,4,SUBJ,,mismatch,160,UNGRAM,exposure,0,WH,26,,[],18,Yes,,1,2,£5,Female,English,One word was mispelled ('move' instead of 'movie'),Chrome,Linux,909,1616,17.233333333333334,
19,condition1,4,SUBJ,,mismatch,78,SUBJ,exposure,0.83,WH,27,,[],18,Yes,,1,2,£5,Female,English,One word was mispelled ('move' instead of 'movie'),Chrome,Linux,909,1616,17.233333333333334,
19,condition1,4,SUBJ,,mismatch,151,FILL,exposure,1,WH,28,,[],18,Yes,,1,2,£5,Female,English,One word was mispelled ('move' instead of 'movie'),Chrome,Linux,909,1616,17.233333333333334,
19,condition1,5,SUBJ,,mismatch,69,SUBJ,exposure,0.96,WH,29,,[],18,Yes,,1,2,£5,Female,English,One word was mispelled ('move' instead of 'movie'),Chrome,Linux,909,1616,17.233333333333334,
19,condition1,5,SUBJ,,mismatch,146,FILL,exposure,0.96,WH,30,,[],18,Yes,,1,2,£5,Female,English,One word was mispelled ('move' instead of 'movie'),Chrome,Linux,909,1616,17.233333333333334,
19,condition1,5,SUBJ,,mismatch,156,UNGRAM,exposure,0.01,WH,31,,[],18,Yes,,1,2,£5,Female,English,One word was mispelled ('move' instead of 'movie'),Chrome,Linux,909,1616,17.233333333333334,
19,condition1,5,SUBJ,,mismatch,93,SUBJ,exposure,0.74,WH,32,,[],18,Yes,,1,2,£5,Female,English,One word was mispelled ('move' instead of 'movie'),Chrome,Linux,909,1616,17.233333333333334,
19,condition1,6,SUBJ,,mismatch,153,UNGRAM,exposure,0.02,WH,33,,[],18,Yes,,1,2,£5,Female,English,One word was mispelled ('move' instead of 'movie'),Chrome,Linux,909,1616,17.233333333333334,
19,condition1,6,SUBJ,,mismatch,54,SUBJ,exposure,0.93,WH,34,,[],18,Yes,,1,2,£5,Female,English,One word was mispelled ('move' instead of 'movie'),Chrome,Linux,909,1616,17.233333333333334,
19,condition1,6,SUBJ,,mismatch,81,SUBJ,exposure,0.93,WH,35,,[],18,Yes,,1,2,£5,Female,English,One word was mispelled ('move' instead of 'movie'),Chrome,Linux,909,1616,17.233333333333334,
19,condition1,6,SUBJ,,mismatch,145,FILL,exposure,0.99,WH,36,,[],18,Yes,,1,2,£5,Female,English,One word was mispelled ('move' instead of 'movie'),Chrome,Linux,909,1616,17.233333333333334,
19,condition1,7,SUBJ,,mismatch,154,UNGRAM,exposure,0.02,WH,37,,[],18,Yes,,1,2,£5,Female,English,One word was mispelled ('move' instead of 'movie'),Chrome,Linux,909,1616,17.233333333333334,
19,condition1,7,SUBJ,,mismatch,39,SUBJ,exposure,0.79,WH,38,,[],18,Yes,,1,2,£5,Female,English,One word was mispelled ('move' instead of 'movie'),Chrome,Linux,909,1616,17.233333333333334,
19,condition1,7,SUBJ,,mismatch,15,SUBJ,exposure,0.17,WH,39,,[],18,Yes,,1,2,£5,Female,English,One word was mispelled ('move' instead of 'movie'),Chrome,Linux,909,1616,17.233333333333334,
19,condition1,7,SUBJ,,mismatch,147,FILL,exposure,0.99,WH,40,,[],18,Yes,,1,2,£5,Female,English,One word was mispelled ('move' instead of 'movie'),Chrome,Linux,909,1616,17.233333333333334,
19,condition1,8,SUBJ,,mismatch,33,SUBJ,exposure,0.77,WH,41,,[],18,Yes,,1,2,£5,Female,English,One word was mispelled ('move' instead of 'movie'),Chrome,Linux,909,1616,17.233333333333334,
19,condition1,8,SUBJ,,mismatch,157,UNGRAM,exposure,0,WH,42,,[],18,Yes,,1,2,£5,Female,English,One word was mispelled ('move' instead of 'movie'),Chrome,Linux,909,1616,17.233333333333334,
19,condition1,8,SUBJ,,mismatch,24,SUBJ,exposure,0.76,WH,43,,[],18,Yes,,1,2,£5,Female,English,One word was mispelled ('move' instead of 'movie'),Chrome,Linux,909,1616,17.233333333333334,
19,condition1,8,SUBJ,,mismatch,142,FILL,exposure,0.99,WH,44,,[],18,Yes,,1,2,£5,Female,English,One word was mispelled ('move' instead of 'movie'),Chrome,Linux,909,1616,17.233333333333334,
19,condition1,9,SUBJ,,mismatch,3,SUBJ,exposure,0.84,WH,45,,[],18,Yes,,1,2,£5,Female,English,One word was mispelled ('move' instead of 'movie'),Chrome,Linux,909,1616,17.233333333333334,
19,condition1,9,SUBJ,,mismatch,139,FILL,exposure,0.98,WH,46,,[],18,Yes,,1,2,£5,Female,English,One word was mispelled ('move' instead of 'movie'),Chrome,Linux,909,1616,17.233333333333334,
19,condition1,9,SUBJ,,mismatch,165,UNGRAM,exposure,0.09,WH,47,,[],18,Yes,,1,2,£5,Female,English,One word was mispelled ('move' instead of 'movie'),Chrome,Linux,909,1616,17.233333333333334,
19,condition1,9,SUBJ,,mismatch,21,SUBJ,exposure,0.53,WH,48,,[],18,Yes,,1,2,£5,Female,English,One word was mispelled ('move' instead of 'movie'),Chrome,Linux,909,1616,17.233333333333334,
19,condition1,10,SUBJ,,mismatch,27,SUBJ,exposure,0.71,WH,49,,[],18,Yes,,1,2,£5,Female,English,One word was mispelled ('move' instead of 'movie'),Chrome,Linux,909,1616,17.233333333333334,
19,condition1,10,SUBJ,,mismatch,136,FILL,exposure,0.98,WH,50,,[],18,Yes,,1,2,£5,Female,English,One word was mispelled ('move' instead of 'movie'),Chrome,Linux,909,1616,17.233333333333334,
19,condition1,10,SUBJ,,mismatch,6,SUBJ,exposure,0.86,WH,51,,[],18,Yes,,1,2,£5,Female,English,One word was mispelled ('move' instead of 'movie'),Chrome,Linux,909,1616,17.233333333333334,
19,condition1,10,SUBJ,,mismatch,155,UNGRAM,exposure,0.01,WH,52,,[],18,Yes,,1,2,£5,Female,English,One word was mispelled ('move' instead of 'movie'),Chrome,Linux,909,1616,17.233333333333334,
19,condition1,101,SUBJ,,mismatch,148,FILL,test,0.98,WH,53,,[],18,Yes,,1,2,£5,Female,English,One word was mispelled ('move' instead of 'movie'),Chrome,Linux,909,1616,17.233333333333334,
19,condition1,101,SUBJ,,mismatch,95,WH,test,0.96,WH,54,,[],18,Yes,,1,2,£5,Female,English,One word was mispelled ('move' instead of 'movie'),Chrome,Linux,909,1616,17.233333333333334,
19,condition1,101,SUBJ,,mismatch,89,WH,test,0.83,WH,55,,[],18,Yes,,1,2,£5,Female,English,One word was mispelled ('move' instead of 'movie'),Chrome,Linux,909,1616,17.233333333333334,
19,condition1,101,SUBJ,,mismatch,161,UNGRAM,test,0.01,WH,56,,[],18,Yes,,1,2,£5,Female,English,One word was mispelled ('move' instead of 'movie'),Chrome,Linux,909,1616,17.233333333333334,
19,condition1,102,SUBJ,,mismatch,86,WH,test,0.22,WH,57,,[],18,Yes,,1,2,£5,Female,English,One word was mispelled ('move' instead of 'movie'),Chrome,Linux,909,1616,17.233333333333334,
19,condition1,102,SUBJ,,mismatch,74,WH,test,0.88,WH,58,,[],18,Yes,,1,2,£5,Female,English,One word was mispelled ('move' instead of 'movie'),Chrome,Linux,909,1616,17.233333333333334,
19,condition1,102,SUBJ,,mismatch,149,FILL,test,0.99,WH,59,,[],18,Yes,,1,2,£5,Female,English,One word was mispelled ('move' instead of 'movie'),Chrome,Linux,909,1616,17.233333333333334,
19,condition1,102,SUBJ,,mismatch,166,UNGRAM,test,0.01,WH,60,,[],18,Yes,,1,2,£5,Female,English,One word was mispelled ('move' instead of 'movie'),Chrome,Linux,909,1616,17.233333333333334,
19,condition1,103,SUBJ,,mismatch,141,FILL,test,0.98,WH,61,,[],18,Yes,,1,2,£5,Female,English,One word was mispelled ('move' instead of 'movie'),Chrome,Linux,909,1616,17.233333333333334,
19,condition1,103,SUBJ,,mismatch,65,WH,test,0.94,WH,62,,[],18,Yes,,1,2,£5,Female,English,One word was mispelled ('move' instead of 'movie'),Chrome,Linux,909,1616,17.233333333333334,
19,condition1,103,SUBJ,,mismatch,158,UNGRAM,test,0.02,WH,63,,[],18,Yes,,1,2,£5,Female,English,One word was mispelled ('move' instead of 'movie'),Chrome,Linux,909,1616,17.233333333333334,
19,condition1,103,SUBJ,,mismatch,71,WH,test,0.96,WH,64,,[],18,Yes,,1,2,£5,Female,English,One word was mispelled ('move' instead of 'movie'),Chrome,Linux,909,1616,17.233333333333334,
23,condition1,practice,,,mismatch,practice_good,practice_good,practice_good,0.98,,0,0,[],34,Yes,,4,1,no,Female,english,no,Chrome,Windows,864,1536,24.078233333333333,
23,condition1,practice,,,mismatch,practice_bad,practice_bad,practice_bad,0.02,,0,0,[],34,Yes,,4,1,no,Female,english,no,Chrome,Windows,864,1536,24.078233333333333,
23,condition1,201,SUBJ,,mismatch,53,WH,pre-exposure,0.1,WH,1,,[],34,Yes,,4,1,no,Female,english,no,Chrome,Windows,864,1536,24.078233333333333,
23,condition1,201,SUBJ,,mismatch,149,FILL,pre-exposure,0.9,WH,2,,[],34,Yes,,4,1,no,Female,english,no,Chrome,Windows,864,1536,24.078233333333333,
23,condition1,201,SUBJ,,mismatch,35,WH,pre-exposure,0.06,WH,3,,[],34,Yes,,4,1,no,Female,english,no,Chrome,Windows,864,1536,24.078233333333333,
23,condition1,201,SUBJ,,mismatch,152,UNGRAM,pre-exposure,0.02,WH,4,,[],34,Yes,,4,1,no,Female,english,no,Chrome,Windows,864,1536,24.078233333333333,
23,condition1,202,SUBJ,,mismatch,141,FILL,pre-exposure,1,WH,5,,[],34,Yes,,4,1,no,Female,english,no,Chrome,Windows,864,1536,24.078233333333333,
23,condition1,202,SUBJ,,mismatch,32,WH,pre-exposure,0.14,WH,6,,[],34,Yes,,4,1,no,Female,english,no,Chrome,Windows,864,1536,24.078233333333333,
23,condition1,202,SUBJ,,mismatch,160,UNGRAM,pre-exposure,0.01,WH,7,,[],34,Yes,,4,1,no,Female,english,no,Chrome,Windows,864,1536,24.078233333333333,
23,condition1,202,SUBJ,,mismatch,26,WH,pre-exposure,0.62,WH,8,,[],34,Yes,,4,1,no,Female,english,no,Chrome,Windows,864,1536,24.078233333333333,
23,condition1,203,SUBJ,,mismatch,11,WH,pre-exposure,0.2,WH,9,,[],34,Yes,,4,1,no,Female,english,no,Chrome,Windows,864,1536,24.078233333333333,
23,condition1,203,SUBJ,,mismatch,143,FILL,pre-exposure,1,WH,10,,[],34,Yes,,4,1,no,Female,english,no,Chrome,Windows,864,1536,24.078233333333333,
23,condition1,203,SUBJ,,mismatch,23,WH,pre-exposure,0.15,WH,11,,[],34,Yes,,4,1,no,Female,english,no,Chrome,Windows,864,1536,24.078233333333333,
23,condition1,203,SUBJ,,mismatch,167,UNGRAM,pre-exposure,0.01,WH,12,,[],34,Yes,,4,1,no,Female,english,no,Chrome,Windows,864,1536,24.078233333333333,
23,condition1,1,SUBJ,,mismatch,146,FILL,exposure,0.99,WH,13,,[],34,Yes,,4,1,no,Female,english,no,Chrome,Windows,864,1536,24.078233333333333,
23,condition1,1,SUBJ,,mismatch,66,SUBJ,exposure,0.14,WH,14,,[],34,Yes,,4,1,no,Female,english,no,Chrome,Windows,864,1536,24.078233333333333,
23,condition1,1,SUBJ,,mismatch,93,SUBJ,exposure,0.8,WH,15,,[],34,Yes,,4,1,no,Female,english,no,Chrome,Windows,864,1536,24.078233333333333,
23,condition1,1,SUBJ,,mismatch,158,UNGRAM,exposure,0.02,WH,16,,[],34,Yes,,4,1,no,Female,english,no,Chrome,Windows,864,1536,24.078233333333333,
23,condition1,2,SUBJ,,mismatch,15,SUBJ,exposure,0.64,WH,17,,[],34,Yes,,4,1,no,Female,english,no,Chrome,Windows,864,1536,24.078233333333333,
23,condition1,2,SUBJ,,mismatch,42,SUBJ,exposure,0.7,WH,18,,[],34,Yes,,4,1,no,Female,english,no,Chrome,Windows,864,1536,24.078233333333333,
23,condition1,2,SUBJ,,mismatch,161,UNGRAM,exposure,0,WH,19,,[],34,Yes,,4,1,no,Female,english,no,Chrome,Windows,864,1536,24.078233333333333,
23,condition1,2,SUBJ,,mismatch,147,FILL,exposure,0.99,WH,20,,[],34,Yes,,4,1,no,Female,english,no,Chrome,Windows,864,1536,24.078233333333333,
23,condition1,3,SUBJ,,mismatch,139,FILL,exposure,0.97,WH,21,,[],34,Yes,,4,1,no,Female,english,no,Chrome,Windows,864,1536,24.078233333333333,
23,condition1,3,SUBJ,,mismatch,18,SUBJ,exposure,0,WH,22,,[],34,Yes,,4,1,no,Female,english,no,Chrome,Windows,864,1536,24.078233333333333,
23,condition1,3,SUBJ,,mismatch,30,SUBJ,exposure,0.68,WH,23,,[],34,Yes,,4,1,no,Female,english,no,Chrome,Windows,864,1536,24.078233333333333,
23,condition1,3,SUBJ,,mismatch,157,UNGRAM,exposure,0.01,WH,24,,[],34,Yes,,4,1,no,Female,english,no,Chrome,Windows,864,1536,24.078233333333333,
23,condition1,4,SUBJ,,mismatch,162,UNGRAM,exposure,0,WH,25,,[],34,Yes,,4,1,no,Female,english,no,Chrome,Windows,864,1536,24.078233333333333,
23,condition1,4,SUBJ,,mismatch,145,FILL,exposure,1,WH,26,,[],34,Yes,,4,1,no,Female,english,no,Chrome,Windows,864,1536,24.078233333333333,
23,condition1,4,SUBJ,,mismatch,96,SUBJ,exposure,0.69,WH,27,,[],34,Yes,,4,1,no,Female,english,no,Chrome,Windows,864,1536,24.078233333333333,
23,condition1,4,SUBJ,,mismatch,9,SUBJ,exposure,0.85,WH,28,,[],34,Yes,,4,1,no,Female,english,no,Chrome,Windows,864,1536,24.078233333333333,
23,condition1,5,SUBJ,,mismatch,165,UNGRAM,exposure,0.02,WH,29,,[],34,Yes,,4,1,no,Female,english,no,Chrome,Windows,864,1536,24.078233333333333,
23,condition1,5,SUBJ,,mismatch,140,FILL,exposure,0.82,WH,30,,[],34,Yes,,4,1,no,Female,english,no,Chrome,Windows,864,1536,24.078233333333333,
23,condition1,5,SUBJ,,mismatch,87,SUBJ,exposure,0.64,WH,31,,[],34,Yes,,4,1,no,Female,english,no,Chrome,Windows,864,1536,24.078233333333333,
23,condition1,5,SUBJ,,mismatch,3,SUBJ,exposure,0.75,WH,32,,[],34,Yes,,4,1,no,Female,english,no,Chrome,Windows,864,1536,24.078233333333333,
23,condition1,6,SUBJ,,mismatch,136,FILL,exposure,0.88,WH,33,,[],34,Yes,,4,1,no,Female,english,no,Chrome,Windows,864,1536,24.078233333333333,
23,condition1,6,SUBJ,,mismatch,78,SUBJ,exposure,0.72,WH,34,,[],34,Yes,,4,1,no,Female,english,no,Chrome,Windows,864,1536,24.078233333333333,
23,condition1,6,SUBJ,,mismatch,6,SUBJ,exposure,0.12,WH,35,,[],34,Yes,,4,1,no,Female,english,no,Chrome,Windows,864,1536,24.078233333333333,
23,condition1,6,SUBJ,,mismatch,163,UNGRAM,exposure,0.09,WH,36,,[],34,Yes,,4,1,no,Female,english,no,Chrome,Windows,864,1536,24.078233333333333,
23,condition1,7,SUBJ,,mismatch,21,SUBJ,exposure,0.53,WH,37,,[],34,Yes,,4,1,no,Female,english,no,Chrome,Windows,864,1536,24.078233333333333,
23,condition1,7,SUBJ,,mismatch,63,SUBJ,exposure,0.7,WH,38,,[],34,Yes,,4,1,no,Female,english,no,Chrome,Windows,864,1536,24.078233333333333,
23,condition1,7,SUBJ,,mismatch,150,FILL,exposure,1,WH,39,,[],34,Yes,,4,1,no,Female,english,no,Chrome,Windows,864,1536,24.078233333333333,
23,condition1,7,SUBJ,,mismatch,154,UNGRAM,exposure,0,WH,40,,[],34,Yes,,4,1,no,Female,english,no,Chrome,Windows,864,1536,24.078233333333333,
23,condition1,8,SUBJ,,mismatch,48,SUBJ,exposure,0.7,WH,41,,[],34,Yes,,4,1,no,Female,english,no,Chrome,Windows,864,1536,24.078233333333333,
23,condition1,8,SUBJ,,mismatch,156,UNGRAM,exposure,0,WH,42,,[],34,Yes,,4,1,no,Female,english,no,Chrome,Windows,864,1536,24.078233333333333,
23,condition1,8,SUBJ,,mismatch,148,FILL,exposure,0.99,WH,43,,[],34,Yes,,4,1,no,Female,english,no,Chrome,Windows,864,1536,24.078233333333333,
23,condition1,8,SUBJ,,mismatch,75,SUBJ,exposure,0.58,WH,44,,[],34,Yes,,4,1,no,Female,english,no,Chrome,Windows,864,1536,24.078233333333333,
23,condition1,9,SUBJ,,mismatch,153,UNGRAM,exposure,0.01,WH,45,,[],34,Yes,,4,1,no,Female,english,no,Chrome,Windows,864,1536,24.078233333333333,
23,condition1,9,SUBJ,,mismatch,60,SUBJ,exposure,0.87,WH,46,,[],34,Yes,,4,1,no,Female,english,no,Chrome,Windows,864,1536,24.078233333333333,
23,condition1,9,SUBJ,,mismatch,45,SUBJ,exposure,0.89,WH,47,,[],34,Yes,,4,1,no,Female,english,no,Chrome,Windows,864,1536,24.078233333333333,
23,condition1,9,SUBJ,,mismatch,138,FILL,exposure,1,WH,48,,[],34,Yes,,4,1,no,Female,english,no,Chrome,Windows,864,1536,24.078233333333333,
23,condition1,10,SUBJ,,mismatch,51,SUBJ,exposure,1,WH,49,,[],34,Yes,,4,1,no,Female,english,no,Chrome,Windows,864,1536,24.078233333333333,
23,condition1,10,SUBJ,,mismatch,151,FILL,exposure,1,WH,50,,[],34,Yes,,4,1,no,Female,english,no,Chrome,Windows,864,1536,24.078233333333333,
23,condition1,10,SUBJ,,mismatch,164,UNGRAM,exposure,0,WH,51,,[],34,Yes,,4,1,no,Female,english,no,Chrome,Windows,864,1536,24.078233333333333,
23,condition1,10,SUBJ,,mismatch,39,SUBJ,exposure,0.79,WH,52,,[],34,Yes,,4,1,no,Female,english,no,Chrome,Windows,864,1536,24.078233333333333,
23,condition1,101,SUBJ,,mismatch,89,WH,test,0.5,WH,53,,[],34,Yes,,4,1,no,Female,english,no,Chrome,Windows,864,1536,24.078233333333333,
23,condition1,101,SUBJ,,mismatch,137,FILL,test,1,WH,54,,[],34,Yes,,4,1,no,Female,english,no,Chrome,Windows,864,1536,24.078233333333333,
23,condition1,101,SUBJ,,mismatch,166,UNGRAM,test,0,WH,55,,[],34,Yes,,4,1,no,Female,english,no,Chrome,Windows,864,1536,24.078233333333333,
23,condition1,101,SUBJ,,mismatch,83,WH,test,1,WH,56,,[],34,Yes,,4,1,no,Female,english,no,Chrome,Windows,864,1536,24.078233333333333,
23,condition1,102,SUBJ,,mismatch,142,FILL,test,1,WH,57,,[],34,Yes,,4,1,no,Female,english,no,Chrome,Windows,864,1536,24.078233333333333,
23,condition1,102,SUBJ,,mismatch,155,UNGRAM,test,0,WH,58,,[],34,Yes,,4,1,no,Female,english,no,Chrome,Windows,864,1536,24.078233333333333,
23,condition1,102,SUBJ,,mismatch,80,WH,test,0.21,WH,59,,[],34,Yes,,4,1,no,Female,english,no,Chrome,Windows,864,1536,24.078233333333333,
23,condition1,102,SUBJ,,mismatch,71,WH,test,1,WH,60,,[],34,Yes,,4,1,no,Female,english,no,Chrome,Windows,864,1536,24.078233333333333,
23,condition1,103,SUBJ,,mismatch,56,WH,test,0.43,WH,61,,[],34,Yes,,4,1,no,Female,english,no,Chrome,Windows,864,1536,24.078233333333333,
23,condition1,103,SUBJ,,mismatch,144,FILL,test,1,WH,62,,[],34,Yes,,4,1,no,Female,english,no,Chrome,Windows,864,1536,24.078233333333333,
23,condition1,103,SUBJ,,mismatch,68,WH,test,0.4,WH,63,,[],34,Yes,,4,1,no,Female,english,no,Chrome,Windows,864,1536,24.078233333333333,
23,condition1,103,SUBJ,,mismatch,159,UNGRAM,test,0,WH,64,,[],34,Yes,,4,1,no,Female,english,no,Chrome,Windows,864,1536,24.078233333333333,
21,condition1,practice,,,mismatch,practice_good,practice_good,practice_good,0.98,,0,0,[],29,No,Considering some sentences were difficult to read I would advise an easier to read font - sans serif,4,2,£3,Female,English,No,Chrome,Mac,900,1440,11.70235,
21,condition1,practice,,,mismatch,practice_bad,practice_bad,practice_bad,0.03,,0,0,[],29,No,Considering some sentences were difficult to read I would advise an easier to read font - sans serif,4,2,£3,Female,English,No,Chrome,Mac,900,1440,11.70235,
21,condition1,201,SUBJ,,mismatch,56,WH,pre-exposure,0.37,WH,1,,[],29,No,Considering some sentences were difficult to read I would advise an easier to read font - sans serif,4,2,£3,Female,English,No,Chrome,Mac,900,1440,11.70235,
21,condition1,201,SUBJ,,mismatch,145,FILL,pre-exposure,0.93,WH,2,,[],29,No,Considering some sentences were difficult to read I would advise an easier to read font - sans serif,4,2,£3,Female,English,No,Chrome,Mac,900,1440,11.70235,
21,condition1,201,SUBJ,,mismatch,41,WH,pre-exposure,0.67,WH,3,,[],29,No,Considering some sentences were difficult to read I would advise an easier to read font - sans serif,4,2,£3,Female,English,No,Chrome,Mac,900,1440,11.70235,
21,condition1,201,SUBJ,,mismatch,162,UNGRAM,pre-exposure,0.05,WH,4,,[],29,No,Considering some sentences were difficult to read I would advise an easier to read font - sans serif,4,2,£3,Female,English,No,Chrome,Mac,900,1440,11.70235,
21,condition1,202,SUBJ,,mismatch,20,WH,pre-exposure,0.64,WH,5,,[],29,No,Considering some sentences were difficult to read I would advise an easier to read font - sans serif,4,2,£3,Female,English,No,Chrome,Mac,900,1440,11.70235,
21,condition1,202,SUBJ,,mismatch,142,FILL,pre-exposure,0.98,WH,6,,[],29,No,Considering some sentences were difficult to read I would advise an easier to read font - sans serif,4,2,£3,Female,English,No,Chrome,Mac,900,1440,11.70235,
21,condition1,202,SUBJ,,mismatch,38,WH,pre-exposure,0.24,WH,7,,[],29,No,Considering some sentences were difficult to read I would advise an easier to read font - sans serif,4,2,£3,Female,English,No,Chrome,Mac,900,1440,11.70235,
21,condition1,202,SUBJ,,mismatch,152,UNGRAM,pre-exposure,0,WH,8,,[],29,No,Considering some sentences were difficult to read I would advise an easier to read font - sans serif,4,2,£3,Female,English,No,Chrome,Mac,900,1440,11.70235,
21,condition1,203,SUBJ,,mismatch,150,FILL,pre-exposure,0.93,WH,9,,[],29,No,Considering some sentences were difficult to read I would advise an easier to read font - sans serif,4,2,£3,Female,English,No,Chrome,Mac,900,1440,11.70235,
21,condition1,203,SUBJ,,mismatch,160,UNGRAM,pre-exposure,0.12,WH,10,,[],29,No,Considering some sentences were difficult to read I would advise an easier to read font - sans serif,4,2,£3,Female,English,No,Chrome,Mac,900,1440,11.70235,
21,condition1,203,SUBJ,,mismatch,17,WH,pre-exposure,0.97,WH,11,,[],29,No,Considering some sentences were difficult to read I would advise an easier to read font - sans serif,4,2,£3,Female,English,No,Chrome,Mac,900,1440,11.70235,
21,condition1,203,SUBJ,,mismatch,8,WH,pre-exposure,0.55,WH,12,,[],29,No,Considering some sentences were difficult to read I would advise an easier to read font - sans serif,4,2,£3,Female,English,No,Chrome,Mac,900,1440,11.70235,
21,condition1,1,SUBJ,,mismatch,69,SUBJ,exposure,0.31,WH,13,,[],29,No,Considering some sentences were difficult to read I would advise an easier to read font - sans serif,4,2,£3,Female,English,No,Chrome,Mac,900,1440,11.70235,
21,condition1,1,SUBJ,,mismatch,155,UNGRAM,exposure,0.07,WH,14,,[],29,No,Considering some sentences were difficult to read I would advise an easier to read font - sans serif,4,2,£3,Female,English,No,Chrome,Mac,900,1440,11.70235,
21,condition1,1,SUBJ,,mismatch,151,FILL,exposure,0.94,WH,15,,[],29,No,Considering some sentences were difficult to read I would advise an easier to read font - sans serif,4,2,£3,Female,English,No,Chrome,Mac,900,1440,11.70235,
21,condition1,1,SUBJ,,mismatch,45,SUBJ,exposure,0.58,WH,16,,[],29,No,Considering some sentences were difficult to read I would advise an easier to read font - sans serif,4,2,£3,Female,English,No,Chrome,Mac,900,1440,11.70235,
21,condition1,2,SUBJ,,mismatch,72,SUBJ,exposure,0.29,WH,17,,[],29,No,Considering some sentences were difficult to read I would advise an easier to read font - sans serif,4,2,£3,Female,English,No,Chrome,Mac,900,1440,11.70235,
21,condition1,2,SUBJ,,mismatch,147,FILL,exposure,1,WH,18,,[],29,No,Considering some sentences were difficult to read I would advise an easier to read font - sans serif,4,2,£3,Female,English,No,Chrome,Mac,900,1440,11.70235,
21,condition1,2,SUBJ,,mismatch,30,SUBJ,exposure,0.62,WH,19,,[],29,No,Considering some sentences were difficult to read I would advise an easier to read font - sans serif,4,2,£3,Female,English,No,Chrome,Mac,900,1440,11.70235,
21,condition1,2,SUBJ,,mismatch,159,UNGRAM,exposure,0,WH,20,,[],29,No,Considering some sentences were difficult to read I would advise an easier to read font - sans serif,4,2,£3,Female,English,No,Chrome,Mac,900,1440,11.70235,
21,condition1,3,SUBJ,,mismatch,81,SUBJ,exposure,0.81,WH,21,,[],29,No,Considering some sentences were difficult to read I would advise an easier to read font - sans serif,4,2,£3,Female,English,No,Chrome,Mac,900,1440,11.70235,
21,condition1,3,SUBJ,,mismatch,137,FILL,exposure,1,WH,22,,[],29,No,Considering some sentences were difficult to read I would advise an easier to read font - sans serif,4,2,£3,Female,English,No,Chrome,Mac,900,1440,11.70235,
21,condition1,3,SUBJ,,mismatch,75,SUBJ,exposure,0.4,WH,23,,[],29,No,Considering some sentences were difficult to read I would advise an easier to read font - sans serif,4,2,£3,Female,English,No,Chrome,Mac,900,1440,11.70235,
21,condition1,3,SUBJ,,mismatch,167,UNGRAM,exposure,0.2,WH,24,,[],29,No,Considering some sentences were difficult to read I would advise an easier to read font - sans serif,4,2,£3,Female,English,No,Chrome,Mac,900,1440,11.70235,
21,condition1,4,SUBJ,,mismatch,164,UNGRAM,exposure,0.25,WH,25,,[],29,No,Considering some sentences were difficult to read I would advise an easier to read font - sans serif,4,2,£3,Female,English,No,Chrome,Mac,900,1440,11.70235,
21,condition1,4,SUBJ,,mismatch,136,FILL,exposure,1,WH,26,,[],29,No,Considering some sentences were difficult to read I would advise an easier to read font - sans serif,4,2,£3,Female,English,No,Chrome,Mac,900,1440,11.70235,
21,condition1,4,SUBJ,,mismatch,48,SUBJ,exposure,0.36,WH,27,,[],29,No,Considering some sentences were difficult to read I would advise an easier to read font - sans serif,4,2,£3,Female,English,No,Chrome,Mac,900,1440,11.70235,
21,condition1,4,SUBJ,,mismatch,33,SUBJ,exposure,0.8,WH,28,,[],29,No,Considering some sentences were difficult to read I would advise an easier to read font - sans serif,4,2,£3,Female,English,No,Chrome,Mac,900,1440,11.70235,
21,condition1,5,SUBJ,,mismatch,12,SUBJ,exposure,0.57,WH,29,,[],29,No,Considering some sentences were difficult to read I would advise an easier to read font - sans serif,4,2,£3,Female,English,No,Chrome,Mac,900,1440,11.70235,
21,condition1,5,SUBJ,,mismatch,143,FILL,exposure,0.95,WH,30,,[],29,No,Considering some sentences were difficult to read I would advise an easier to read font - sans serif,4,2,£3,Female,English,No,Chrome,Mac,900,1440,11.70235,
21,condition1,5,SUBJ,,mismatch,158,UNGRAM,exposure,0.34,WH,31,,[],29,No,Considering some sentences were difficult to read I would advise an easier to read font - sans serif,4,2,£3,Female,English,No,Chrome,Mac,900,1440,11.70235,
21,condition1,5,SUBJ,,mismatch,3,SUBJ,exposure,0.67,WH,32,,[],29,No,Considering some sentences were difficult to read I would advise an easier to read font - sans serif,4,2,£3,Female,English,No,Chrome,Mac,900,1440,11.70235,
21,condition1,6,SUBJ,,mismatch,163,UNGRAM,exposure,0.2,WH,33,,[],29,No,Considering some sentences were difficult to read I would advise an easier to read font - sans serif,4,2,£3,Female,English,No,Chrome,Mac,900,1440,11.70235,
21,condition1,6,SUBJ,,mismatch,51,SUBJ,exposure,0.96,WH,34,,[],29,No,Considering some sentences were difficult to read I would advise an easier to read font - sans serif,4,2,£3,Female,English,No,Chrome,Mac,900,1440,11.70235,
21,condition1,6,SUBJ,,mismatch,144,FILL,exposure,0.97,WH,35,,[],29,No,Considering some sentences were difficult to read I would advise an easier to read font - sans serif,4,2,£3,Female,English,No,Chrome,Mac,900,1440,11.70235,
21,condition1,6,SUBJ,,mismatch,36,SUBJ,exposure,0.62,WH,36,,[],29,No,Considering some sentences were difficult to read I would advise an easier to read font - sans serif,4,2,£3,Female,English,No,Chrome,Mac,900,1440,11.70235,
21,condition1,7,SUBJ,,mismatch,54,SUBJ,exposure,0.55,WH,37,,[],29,No,Considering some sentences were difficult to read I would advise an easier to read font - sans serif,4,2,£3,Female,English,No,Chrome,Mac,900,1440,11.70235,
21,condition1,7,SUBJ,,mismatch,140,FILL,exposure,0.99,WH,38,,[],29,No,Considering some sentences were difficult to read I would advise an easier to read font - sans serif,4,2,£3,Female,English,No,Chrome,Mac,900,1440,11.70235,
21,condition1,7,SUBJ,,mismatch,78,SUBJ,exposure,0.99,WH,39,,[],29,No,Considering some sentences were difficult to read I would advise an easier to read font - sans serif,4,2,£3,Female,English,No,Chrome,Mac,900,1440,11.70235,
21,condition1,7,SUBJ,,mismatch,165,UNGRAM,exposure,0.03,WH,40,,[],29,No,Considering some sentences were difficult to read I would advise an easier to read font - sans serif,4,2,£3,Female,English,No,Chrome,Mac,900,1440,11.70235,
21,condition1,8,SUBJ,,mismatch,148,FILL,exposure,0.98,WH,41,,[],29,No,Considering some sentences were difficult to read I would advise an easier to read font - sans serif,4,2,£3,Female,English,No,Chrome,Mac,900,1440,11.70235,
21,condition1,8,SUBJ,,mismatch,27,SUBJ,exposure,0.83,WH,42,,[],29,No,Considering some sentences were difficult to read I would advise an easier to read font - sans serif,4,2,£3,Female,English,No,Chrome,Mac,900,1440,11.70235,
21,condition1,8,SUBJ,,mismatch,157,UNGRAM,exposure,0.11,WH,43,,[],29,No,Considering some sentences were difficult to read I would advise an easier to read font - sans serif,4,2,£3,Female,English,No,Chrome,Mac,900,1440,11.70235,
21,condition1,8,SUBJ,,mismatch,6,SUBJ,exposure,0.99,WH,44,,[],29,No,Considering some sentences were difficult to read I would advise an easier to read font - sans serif,4,2,£3,Female,English,No,Chrome,Mac,900,1440,11.70235,
21,condition1,9,SUBJ,,mismatch,154,UNGRAM,exposure,0.13,WH,45,,[],29,No,Considering some sentences were difficult to read I would advise an easier to read font - sans serif,4,2,£3,Female,English,No,Chrome,Mac,900,1440,11.70235,
21,condition1,9,SUBJ,,mismatch,146,FILL,exposure,0.95,WH,46,,[],29,No,Considering some sentences were difficult to read I would advise an easier to read font - sans serif,4,2,£3,Female,English,No,Chrome,Mac,900,1440,11.70235,
21,condition1,9,SUBJ,,mismatch,63,SUBJ,exposure,1,WH,47,,[],29,No,Considering some sentences were difficult to read I would advise an easier to read font - sans serif,4,2,£3,Female,English,No,Chrome,Mac,900,1440,11.70235,
21,condition1,9,SUBJ,,mismatch,15,SUBJ,exposure,0.97,WH,48,,[],29,No,Considering some sentences were difficult to read I would advise an easier to read font - sans serif,4,2,£3,Female,English,No,Chrome,Mac,900,1440,11.70235,
21,condition1,10,SUBJ,,mismatch,156,UNGRAM,exposure,0.04,WH,49,,[],29,No,Considering some sentences were difficult to read I would advise an easier to read font - sans serif,4,2,£3,Female,English,No,Chrome,Mac,900,1440,11.70235,
21,condition1,10,SUBJ,,mismatch,60,SUBJ,exposure,0.89,WH,50,,[],29,No,Considering some sentences were difficult to read I would advise an easier to read font - sans serif,4,2,£3,Female,English,No,Chrome,Mac,900,1440,11.70235,
21,condition1,10,SUBJ,,mismatch,138,FILL,exposure,0.97,WH,51,,[],29,No,Considering some sentences were difficult to read I would advise an easier to read font - sans serif,4,2,£3,Female,English,No,Chrome,Mac,900,1440,11.70235,
21,condition1,10,SUBJ,,mismatch,24,SUBJ,exposure,0.8,WH,52,,[],29,No,Considering some sentences were difficult to read I would advise an easier to read font - sans serif,4,2,£3,Female,English,No,Chrome,Mac,900,1440,11.70235,
21,condition1,101,SUBJ,,mismatch,153,UNGRAM,test,0.15,WH,53,,[],29,No,Considering some sentences were difficult to read I would advise an easier to read font - sans serif,4,2,£3,Female,English,No,Chrome,Mac,900,1440,11.70235,
21,condition1,101,SUBJ,,mismatch,92,WH,test,0.67,WH,54,,[],29,No,Considering some sentences were difficult to read I would advise an easier to read font - sans serif,4,2,£3,Female,English,No,Chrome,Mac,900,1440,11.70235,
21,condition1,101,SUBJ,,mismatch,141,FILL,test,1,WH,55,,[],29,No,Considering some sentences were difficult to read I would advise an easier to read font - sans serif,4,2,£3,Female,English,No,Chrome,Mac,900,1440,11.70235,
21,condition1,101,SUBJ,,mismatch,95,WH,test,0.83,WH,56,,[],29,No,Considering some sentences were difficult to read I would advise an easier to read font - sans serif,4,2,£3,Female,English,No,Chrome,Mac,900,1440,11.70235,
21,condition1,102,SUBJ,,mismatch,89,WH,test,0.78,WH,57,,[],29,No,Considering some sentences were difficult to read I would advise an easier to read font - sans serif,4,2,£3,Female,English,No,Chrome,Mac,900,1440,11.70235,
21,condition1,102,SUBJ,,mismatch,86,WH,test,0.61,WH,58,,[],29,No,Considering some sentences were difficult to read I would advise an easier to read font - sans serif,4,2,£3,Female,English,No,Chrome,Mac,900,1440,11.70235,
21,condition1,102,SUBJ,,mismatch,166,UNGRAM,test,0.33,WH,59,,[],29,No,Considering some sentences were difficult to read I would advise an easier to read font - sans serif,4,2,£3,Female,English,No,Chrome,Mac,900,1440,11.70235,
21,condition1,102,SUBJ,,mismatch,139,FILL,test,1,WH,60,,[],29,No,Considering some sentences were difficult to read I would advise an easier to read font - sans serif,4,2,£3,Female,English,No,Chrome,Mac,900,1440,11.70235,
21,condition1,103,SUBJ,,mismatch,161,UNGRAM,test,0.3,WH,61,,[],29,No,Considering some sentences were difficult to read I would advise an easier to read font - sans serif,4,2,£3,Female,English,No,Chrome,Mac,900,1440,11.70235,
21,condition1,103,SUBJ,,mismatch,83,WH,test,0.94,WH,62,,[],29,No,Considering some sentences were difficult to read I would advise an easier to read font - sans serif,4,2,£3,Female,English,No,Chrome,Mac,900,1440,11.70235,
21,condition1,103,SUBJ,,mismatch,65,WH,test,0.91,WH,63,,[],29,No,Considering some sentences were difficult to read I would advise an easier to read font - sans serif,4,2,£3,Female,English,No,Chrome,Mac,900,1440,11.70235,
21,condition1,103,SUBJ,,mismatch,149,FILL,test,0.98,WH,64,,[],29,No,Considering some sentences were difficult to read I would advise an easier to read font - sans serif,4,2,£3,Female,English,No,Chrome,Mac,900,1440,11.70235,
